clip_id,emotion
clip_000000,fear
clip_000003,disgust
clip_000004,neutral
clip_000005,disgust
clip_000006,disgust
clip_000007,disgust
clip_000009,happy
clip_000010,anger
clip_000011,sad
clip_000012,happy
clip_000014,fear
clip_000015,anger
clip_000016,disgust
clip_000018,happy
clip_000020,happy
clip_000021,happy
clip_000022,happy
clip_000023,neutral
clip_000025,disgust
clip_000028,sad
clip_000029,sad
clip_000031,neutral
clip_000032,anger
clip_000033,anger
clip_000034,disgust
clip_000035,fear
clip_000036,anger
clip_000038,neutral
clip_000039,anger
clip_000040,neutral
clip_000041,sad
clip_000042,neutral
clip_000043,anger
clip_000044,anger
clip_000046,fear
clip_000047,happy
clip_000048,neutral
clip_000049,happy
clip_000051,sad
clip_000052,sad
clip_000053,neutral
clip_000056,happy
clip_000057,neutral
clip_000063,neutral
clip_000064,disgust
clip_000065,sad
clip_000068,anger
clip_000069,sad
clip_000070,anger
clip_000071,anger
clip_000072,fear
clip_000073,fear
clip_000074,happy
clip_000075,neutral
clip_000079,fear
clip_000080,anger
clip_000082,disgust
clip_000083,anger
clip_000085,sad
clip_000086,neutral
clip_000087,neutral
clip_000088,happy
clip_000090,neutral
clip_000091,disgust
clip_000093,neutral
clip_000094,fear
clip_000097,neutral
clip_000098,fear
clip_000099,happy
clip_000100,sad
clip_000101,disgust
clip_000103,neutral
clip_000104,happy
clip_000105,sad
clip_000106,sad
clip_000107,fear
clip_000108,happy
clip_000109,anger
clip_000110,happy
clip_000111,happy
clip_000112,neutral
clip_000114,anger
clip_000115,neutral
clip_000116,happy
clip_000117,fear
clip_000118,disgust
clip_000119,fear
clip_000120,anger
clip_000122,sad
clip_000124,neutral
clip_000126,anger
clip_000128,happy
clip_000129,neutral
clip_000131,sad
clip_000132,happy
clip_000133,anger
clip_000134,disgust
clip_000135,anger
clip_000136,neutral
clip_000138,anger
clip_000139,disgust
clip_000140,happy
clip_000141,anger
clip_000142,neutral
clip_000143,neutral
clip_000144,anger
clip_000145,sad
clip_000146,disgust
clip_000147,anger
clip_000148,happy
clip_000151,neutral
clip_000152,happy
clip_000154,anger
clip_000155,happy
clip_000156,fear
clip_000158,happy
clip_000159,neutral
clip_000161,fear
clip_000162,happy
clip_000163,fear
clip_000164,neutral
clip_000165,happy
clip_000166,happy
clip_000168,anger
clip_000169,fear
clip_000170,happy
clip_000171,fear
clip_000172,fear
clip_000173,fear
clip_000174,disgust
clip_000175,fear
clip_000177,happy
clip_000181,fear
clip_000182,neutral
clip_000183,happy
clip_000184,anger
clip_000185,sad
clip_000186,neutral
clip_000187,disgust
clip_000188,fear
clip_000189,neutral
clip_000190,happy
clip_000191,happy
clip_000192,fear
clip_000193,disgust
clip_000194,happy
clip_000195,anger
clip_000196,fear
clip_000197,fear
clip_000199,neutral
clip_000200,neutral
clip_000201,anger
clip_000203,sad
clip_000206,neutral
clip_000208,neutral
clip_000209,happy
clip_000210,neutral
clip_000211,neutral
clip_000212,disgust
clip_000214,disgust
clip_000215,happy
clip_000216,disgust
clip_000217,fear
clip_000218,fear
clip_000221,sad
clip_000222,neutral
clip_000223,fear
clip_000225,sad
clip_000226,neutral
clip_000227,anger
clip_000228,anger
clip_000229,sad
clip_000230,happy
clip_000231,disgust
clip_000233,disgust
clip_000234,happy
clip_000235,sad
clip_000236,neutral
clip_000238,neutral
clip_000239,disgust
clip_000240,neutral
clip_000241,sad
clip_000242,disgust
clip_000243,fear
clip_000245,sad
clip_000248,anger
clip_000249,sad
clip_000251,sad
clip_000252,neutral
clip_000253,disgust
clip_000254,happy
clip_000255,sad
clip_000256,neutral
clip_000257,anger
clip_000259,neutral
clip_000261,disgust
clip_000262,fear
clip_000263,happy
clip_000264,sad
clip_000265,fear
clip_000267,disgust
clip_000268,neutral
clip_000270,anger
clip_000271,disgust
clip_000273,neutral
clip_000275,happy
clip_000277,anger
clip_000279,happy
clip_000280,disgust
clip_000281,happy
clip_000282,happy
clip_000283,anger
clip_000285,neutral
clip_000288,neutral
clip_000289,fear
clip_000291,fear
clip_000292,sad
clip_000293,happy
clip_000295,happy
clip_000296,anger
clip_000297,anger
clip_000299,fear
clip_000301,sad
clip_000302,sad
clip_000304,happy
clip_000305,disgust
clip_000306,sad
clip_000307,sad
clip_000308,sad
clip_000309,happy
clip_000310,sad
clip_000311,happy
clip_000314,happy
clip_000315,anger
clip_000316,happy
clip_000317,disgust
clip_000318,happy
clip_000320,sad
clip_000321,sad
clip_000322,fear
clip_000323,disgust
clip_000324,sad
clip_000325,disgust
clip_000326,happy
clip_000327,sad
clip_000328,happy
clip_000329,sad
clip_000330,disgust
clip_000331,fear
clip_000332,disgust
clip_000333,anger
clip_000334,happy
clip_000335,fear
clip_000338,fear
clip_000339,anger
clip_000340,disgust
clip_000341,sad
clip_000343,sad
clip_000344,sad
clip_000345,disgust
clip_000346,disgust
clip_000347,happy
clip_000348,anger
clip_000349,disgust
clip_000350,sad
clip_000352,fear
clip_000354,happy
clip_000355,disgust
clip_000356,sad
clip_000357,sad
clip_000358,anger
clip_000359,sad
clip_000360,fear
clip_000362,happy
clip_000363,neutral
clip_000364,sad
clip_000365,disgust
clip_000366,sad
clip_000367,sad
clip_000368,fear
clip_000369,disgust
clip_000372,happy
clip_000373,neutral
clip_000374,disgust
clip_000376,neutral
clip_000379,sad
clip_000380,disgust
clip_000381,neutral
clip_000383,anger
clip_000384,sad
clip_000385,sad
clip_000386,disgust
clip_000387,neutral
clip_000388,disgust
clip_000389,anger
clip_000390,happy
clip_000391,anger
clip_000393,anger
clip_000395,neutral
clip_000396,anger
clip_000397,fear
clip_000398,anger
clip_000399,disgust
clip_000400,fear
clip_000401,happy
clip_000402,anger
clip_000403,happy
clip_000404,anger
clip_000405,neutral
clip_000406,disgust
clip_000408,anger
clip_000409,happy
clip_000410,happy
clip_000412,disgust
clip_000414,anger
clip_000415,anger
clip_000416,happy
clip_000417,anger
clip_000419,neutral
clip_000420,happy
clip_000422,sad
clip_000423,happy
clip_000424,disgust
clip_000425,sad
clip_000427,sad
clip_000429,happy
clip_000430,disgust
clip_000431,happy
clip_000432,neutral
clip_000433,anger
clip_000434,fear
clip_000435,fear
clip_000436,sad
clip_000439,neutral
clip_000440,anger
clip_000442,anger
clip_000443,anger
clip_000444,anger
clip_000445,sad
clip_000446,neutral
clip_000447,happy
clip_000449,sad
clip_000450,fear
clip_000451,anger
clip_000452,anger
clip_000454,neutral
clip_000455,neutral
clip_000457,fear
clip_000458,anger
clip_000459,anger
clip_000461,happy
clip_000462,sad
clip_000463,disgust
clip_000464,anger
clip_000465,disgust
clip_000466,sad
clip_000468,neutral
clip_000469,disgust
clip_000471,happy
clip_000473,happy
clip_000475,sad
clip_000476,neutral
clip_000477,anger
clip_000478,disgust
clip_000481,sad
clip_000482,sad
clip_000483,disgust
clip_000484,neutral
clip_000485,sad
clip_000486,fear
clip_000487,happy
clip_000488,happy
clip_000489,neutral
clip_000490,anger
clip_000492,fear
clip_000493,fear
clip_000494,neutral
clip_000495,disgust
clip_000497,sad
clip_000498,fear
clip_000499,disgust
clip_000502,neutral
clip_000504,anger
clip_000505,fear
clip_000506,anger
clip_000507,sad
clip_000508,fear
clip_000510,fear
clip_000512,happy
clip_000513,sad
clip_000515,disgust
clip_000517,neutral
clip_000518,happy
clip_000523,neutral
clip_000524,fear
clip_000526,disgust
clip_000530,happy
clip_000532,sad
clip_000533,happy
clip_000534,sad
clip_000535,fear
clip_000536,fear
clip_000537,sad
clip_000538,neutral
clip_000539,fear
clip_000540,fear
clip_000541,happy
clip_000542,sad
clip_000544,neutral
clip_000545,disgust
clip_000546,anger
clip_000547,anger
clip_000548,fear
clip_000549,disgust
clip_000550,sad
clip_000551,fear
clip_000552,neutral
clip_000554,disgust
clip_000555,sad
clip_000556,sad
clip_000557,happy
clip_000561,sad
clip_000562,disgust
clip_000564,anger
clip_000565,fear
clip_000566,sad
clip_000567,disgust
clip_000568,anger
clip_000569,anger
clip_000571,neutral
clip_000572,fear
clip_000574,anger
clip_000575,disgust
clip_000577,happy
clip_000578,disgust
clip_000579,disgust
clip_000580,sad
clip_000581,neutral
clip_000582,disgust
clip_000585,fear
clip_000587,anger
clip_000588,fear
clip_000589,disgust
clip_000590,anger
clip_000591,anger
clip_000592,disgust
clip_000593,sad
clip_000595,sad
clip_000596,sad
clip_000597,neutral
clip_000599,happy
clip_000600,fear
clip_000601,happy
clip_000602,disgust
clip_000604,happy
clip_000605,disgust
clip_000606,disgust
clip_000607,fear
clip_000608,sad
clip_000609,fear
clip_000610,disgust
clip_000611,happy
clip_000612,disgust
clip_000613,anger
clip_000614,fear
clip_000615,happy
clip_000616,neutral
clip_000617,disgust
clip_000618,anger
clip_000619,neutral
clip_000620,happy
clip_000621,anger
clip_000622,fear
clip_000623,sad
clip_000624,fear
clip_000625,happy
clip_000626,neutral
clip_000630,sad
clip_000631,sad
clip_000632,sad
clip_000633,happy
clip_000635,happy
clip_000636,fear
clip_000637,sad
clip_000638,sad
clip_000639,anger
clip_000640,anger
clip_000641,sad
clip_000642,anger
clip_000643,fear
clip_000645,happy
clip_000647,disgust
clip_000648,anger
clip_000649,sad
clip_000650,happy
clip_000653,sad
clip_000654,anger
clip_000655,sad
clip_000656,neutral
clip_000657,sad
clip_000659,happy
clip_000661,anger
clip_000662,disgust
clip_000663,fear
clip_000665,anger
clip_000667,sad
clip_000668,happy
clip_000669,disgust
clip_000670,disgust
clip_000672,anger
clip_000674,sad
clip_000675,anger
clip_000676,anger
clip_000677,neutral
clip_000679,fear
clip_000681,sad
clip_000683,disgust
clip_000686,neutral
clip_000687,sad
clip_000689,anger
clip_000690,fear
clip_000692,neutral
clip_000694,happy
clip_000695,neutral
clip_000697,fear
clip_000698,fear
clip_000699,neutral
clip_000700,disgust
clip_000701,neutral
clip_000702,neutral
clip_000704,anger
clip_000705,fear
clip_000707,disgust
clip_000708,sad
clip_000709,neutral
clip_000711,happy
clip_000712,fear
clip_000713,happy
clip_000714,sad
clip_000715,happy
clip_000716,anger
clip_000717,happy
clip_000718,neutral
clip_000723,neutral
clip_000724,neutral
clip_000726,happy
clip_000727,sad
clip_000729,neutral
clip_000730,happy
clip_000731,sad
clip_000733,fear
clip_000734,disgust
clip_000735,neutral
clip_000736,disgust
clip_000737,anger
clip_000738,neutral
clip_000739,disgust
clip_000740,sad
clip_000741,disgust
clip_000742,happy
clip_000743,neutral
clip_000744,disgust
clip_000745,fear
clip_000746,happy
clip_000747,fear
clip_000748,happy
clip_000751,happy
clip_000752,disgust
clip_000753,anger
clip_000754,disgust
clip_000756,disgust
clip_000760,neutral
clip_000762,anger
clip_000763,fear
clip_000766,fear
clip_000768,neutral
clip_000770,fear
clip_000771,neutral
clip_000772,neutral
clip_000773,fear
clip_000774,fear
clip_000775,sad
clip_000776,sad
clip_000777,disgust
clip_000781,anger
clip_000782,disgust
clip_000783,disgust
clip_000785,happy
clip_000786,fear
clip_000787,sad
clip_000788,disgust
clip_000790,anger
clip_000791,neutral
clip_000792,disgust
clip_000793,anger
clip_000796,sad
clip_000797,neutral
clip_000800,disgust
clip_000801,neutral
clip_000802,anger
clip_000804,happy
clip_000805,anger
clip_000806,anger
clip_000807,anger
clip_000809,sad
clip_000810,neutral
clip_000811,anger
clip_000814,happy
clip_000815,disgust
clip_000816,happy
clip_000817,sad
clip_000820,disgust
clip_000823,disgust
clip_000824,neutral
clip_000825,disgust
clip_000826,disgust
clip_000828,neutral
clip_000829,sad
clip_000830,happy
clip_000831,happy
clip_000832,happy
clip_000833,anger
clip_000834,happy
clip_000837,fear
clip_000838,sad
clip_000839,sad
clip_000840,fear
clip_000841,happy
clip_000842,disgust
clip_000845,sad
clip_000846,neutral
clip_000848,sad
clip_000849,sad
clip_000851,happy
clip_000852,disgust
clip_000853,happy
clip_000854,happy
clip_000856,disgust
clip_000857,happy
clip_000858,disgust
clip_000860,neutral
clip_000861,happy
clip_000863,happy
clip_000864,happy
clip_000865,fear
clip_000867,sad
clip_000868,disgust
clip_000869,sad
clip_000870,fear
clip_000871,disgust
clip_000872,sad
clip_000873,sad
clip_000874,fear
clip_000876,sad
clip_000877,disgust
clip_000878,anger
clip_000879,fear
clip_000881,anger
clip_000882,fear
clip_000883,disgust
clip_000884,anger
clip_000885,anger
clip_000886,neutral
clip_000887,sad
clip_000888,happy
clip_000889,anger
clip_000890,fear
clip_000892,fear
clip_000894,anger
clip_000896,anger
clip_000897,happy
clip_000898,neutral
clip_000899,happy
clip_000900,fear
clip_000903,anger
clip_000904,disgust
clip_000905,fear
clip_000907,sad
clip_000908,anger
clip_000909,fear
clip_000910,sad
clip_000911,happy
clip_000914,sad
clip_000915,disgust
clip_000916,disgust
clip_000918,anger
clip_000919,fear
clip_000923,anger
clip_000926,anger
clip_000927,happy
clip_000929,sad
clip_000930,neutral
clip_000932,fear
clip_000933,fear
clip_000934,anger
clip_000935,neutral
clip_000937,anger
clip_000938,disgust
clip_000940,neutral
clip_000943,fear
clip_000944,happy
clip_000946,happy
clip_000947,disgust
clip_000948,happy
clip_000949,anger
clip_000950,neutral
clip_000952,happy
clip_000954,neutral
clip_000955,disgust
clip_000956,disgust
clip_000957,sad
clip_000958,sad
clip_000959,happy
clip_000960,disgust
clip_000961,fear
clip_000962,sad
clip_000963,disgust
clip_000966,fear
clip_000969,sad
clip_000970,happy
clip_000973,anger
clip_000976,disgust
clip_000978,sad
clip_000981,neutral
clip_000982,sad
clip_000983,fear
clip_000984,fear
clip_000985,disgust
clip_000986,fear
clip_000987,anger
clip_000988,neutral
clip_000990,happy
clip_000992,fear
clip_000993,fear
clip_000994,disgust
clip_000995,sad
clip_000996,fear
clip_000997,anger
clip_000998,fear
clip_001000,happy
clip_001002,happy
clip_001003,fear
clip_001004,anger
clip_001006,fear
clip_001007,disgust
clip_001009,neutral
clip_001010,sad
clip_001011,fear
clip_001012,fear
clip_001013,happy
clip_001014,neutral
clip_001015,disgust
clip_001016,fear
clip_001018,anger
clip_001020,disgust
clip_001021,anger
clip_001023,happy
clip_001024,neutral
clip_001025,anger
clip_001026,neutral
clip_001027,fear
clip_001029,fear
clip_001030,disgust
clip_001032,sad
clip_001034,neutral
clip_001035,neutral
clip_001036,fear
clip_001039,happy
clip_001041,neutral
clip_001043,happy
clip_001044,sad
clip_001045,disgust
clip_001046,neutral
clip_001047,happy
clip_001048,fear
clip_001049,disgust
clip_001052,happy
clip_001053,sad
clip_001054,anger
clip_001055,anger
clip_001056,happy
clip_001058,disgust
clip_001060,happy
clip_001061,happy
clip_001062,anger
clip_001063,disgust
clip_001064,happy
clip_001065,disgust
clip_001066,sad
clip_001067,anger
clip_001068,fear
clip_001069,sad
clip_001070,neutral
clip_001071,sad
clip_001072,anger
clip_001073,fear
clip_001076,disgust
clip_001077,neutral
clip_001078,fear
clip_001080,fear
clip_001082,happy
clip_001083,sad
clip_001084,neutral
clip_001085,disgust
clip_001088,disgust
clip_001089,sad
clip_001091,anger
clip_001093,sad
clip_001094,fear
clip_001095,anger
clip_001096,sad
clip_001097,anger
clip_001099,neutral
clip_001101,disgust
clip_001102,disgust
clip_001103,happy
clip_001104,disgust
clip_001105,disgust
clip_001107,disgust
clip_001108,neutral
clip_001109,anger
clip_001112,sad
clip_001114,anger
clip_001115,disgust
clip_001116,fear
clip_001117,sad
clip_001118,anger
clip_001119,sad
clip_001120,neutral
clip_001121,happy
clip_001122,happy
clip_001123,fear
clip_001124,anger
clip_001125,anger
clip_001126,fear
clip_001127,disgust
clip_001129,anger
clip_001130,neutral
clip_001131,happy
clip_001132,fear
clip_001133,anger
clip_001134,happy
clip_001135,happy
clip_001137,sad
clip_001138,happy
clip_001139,fear
clip_001140,fear
clip_001145,disgust
clip_001146,disgust
clip_001147,happy
clip_001148,disgust
clip_001150,sad
clip_001152,sad
clip_001154,disgust
clip_001155,neutral
clip_001156,fear
clip_001158,neutral
clip_001159,fear
clip_001160,disgust
clip_001162,disgust
clip_001163,sad
clip_001164,neutral
clip_001165,fear
clip_001166,happy
clip_001168,disgust
clip_001169,happy
clip_001171,fear
clip_001172,disgust
clip_001174,fear
clip_001177,happy
clip_001178,neutral
clip_001180,happy
clip_001181,happy
clip_001182,sad
clip_001183,disgust
clip_001184,anger
clip_001185,disgust
clip_001186,disgust
clip_001188,fear
clip_001189,neutral
clip_001190,fear
clip_001192,sad
clip_001193,anger
clip_001194,fear
clip_001195,neutral
clip_001198,sad
clip_001204,fear
clip_001205,anger
clip_001206,sad
clip_001207,neutral
clip_001208,disgust
clip_001209,neutral
clip_001210,happy
clip_001211,fear
clip_001213,disgust
clip_001214,sad
clip_001215,neutral
clip_001216,anger
clip_001218,sad
clip_001219,disgust
clip_001220,neutral
clip_001222,disgust
clip_001223,happy
clip_001224,neutral
clip_001225,neutral
clip_001226,neutral
clip_001228,neutral
clip_001229,disgust
clip_001231,sad
clip_001232,happy
clip_001233,disgust
clip_001234,happy
clip_001236,sad
clip_001237,neutral
clip_001238,anger
clip_001239,fear
clip_001240,neutral
clip_001244,happy
clip_001246,sad
clip_001247,neutral
clip_001248,happy
clip_001249,neutral
clip_001250,happy
clip_001251,happy
clip_001253,happy
clip_001254,happy
clip_001255,sad
clip_001257,neutral
clip_001258,sad
clip_001259,anger
clip_001262,happy
clip_001263,fear
clip_001264,anger
clip_001266,disgust
clip_001267,anger
clip_001269,neutral
clip_001271,sad
clip_001273,sad
clip_001274,sad
clip_001275,fear
clip_001277,fear
clip_001281,disgust
clip_001282,happy
clip_001283,anger
clip_001284,happy
clip_001286,fear
clip_001288,neutral
clip_001290,anger
clip_001291,neutral
clip_001292,happy
clip_001293,disgust
clip_001294,sad
clip_001295,disgust
clip_001296,fear
clip_001297,disgust
clip_001298,anger
clip_001299,happy
clip_001302,disgust
clip_001303,disgust
clip_001306,happy
clip_001307,disgust
clip_001308,disgust
clip_001309,fear
clip_001310,sad
clip_001311,fear
clip_001312,anger
clip_001313,happy
clip_001314,sad
clip_001315,happy
clip_001316,fear
clip_001317,fear
clip_001318,neutral
clip_001320,happy
clip_001321,disgust
clip_001323,disgust
clip_001324,disgust
clip_001325,sad
clip_001327,anger
clip_001328,disgust
clip_001330,sad
clip_001331,fear
clip_001332,fear
clip_001333,disgust
clip_001334,fear
clip_001335,happy
clip_001336,happy
clip_001337,anger
clip_001338,fear
clip_001342,happy
clip_001343,disgust
clip_001344,anger
clip_001345,happy
clip_001346,neutral
clip_001347,sad
clip_001348,anger
clip_001349,happy
clip_001350,sad
clip_001351,disgust
clip_001352,neutral
clip_001353,sad
clip_001354,disgust
clip_001357,anger
clip_001358,anger
clip_001360,neutral
clip_001361,disgust
clip_001362,happy
clip_001363,sad
clip_001365,neutral
clip_001366,sad
clip_001367,neutral
clip_001370,sad
clip_001371,sad
clip_001372,sad
clip_001373,fear
clip_001374,anger
clip_001375,happy
clip_001376,neutral
clip_001377,fear
clip_001378,anger
clip_001380,sad
clip_001381,happy
clip_001382,fear
clip_001383,fear
clip_001384,disgust
clip_001385,disgust
clip_001388,disgust
clip_001389,sad
clip_001390,disgust
clip_001391,disgust
clip_001392,fear
clip_001393,sad
clip_001394,fear
clip_001395,sad
clip_001396,disgust
clip_001397,anger
clip_001399,happy
clip_001400,neutral
clip_001401,disgust
clip_001403,fear
clip_001404,sad
clip_001405,sad
clip_001406,disgust
clip_001407,disgust
clip_001411,fear
clip_001412,anger
clip_001413,disgust
clip_001414,sad
clip_001416,happy
clip_001418,anger
clip_001420,sad
clip_001421,fear
clip_001422,sad
clip_001423,fear
clip_001424,happy
clip_001426,disgust
clip_001429,sad
clip_001430,neutral
clip_001431,anger
clip_001432,disgust
clip_001433,disgust
clip_001434,neutral
clip_001435,fear
clip_001436,fear
clip_001437,neutral
clip_001438,sad
clip_001440,sad
clip_001441,fear
clip_001443,anger
clip_001444,happy
clip_001445,sad
clip_001446,anger
clip_001447,anger
clip_001448,sad
clip_001449,fear
clip_001450,fear
clip_001451,happy
clip_001453,disgust
clip_001455,anger
clip_001456,disgust
clip_001457,neutral
clip_001458,sad
clip_001460,disgust
clip_001461,sad
clip_001462,disgust
clip_001463,neutral
clip_001464,neutral
clip_001465,sad
clip_001466,happy
clip_001467,sad
clip_001469,fear
clip_001470,anger
clip_001471,happy
clip_001472,anger
clip_001476,disgust
clip_001477,sad
clip_001479,neutral
clip_001480,neutral
clip_001482,fear
clip_001483,neutral
clip_001488,neutral
clip_001489,happy
clip_001490,sad
clip_001492,happy
clip_001493,fear
clip_001496,fear
clip_001497,disgust
clip_001498,fear
clip_001499,anger
clip_001500,disgust
clip_001502,anger
clip_001504,sad
clip_001505,fear
clip_001508,sad
clip_001510,anger
clip_001511,fear
clip_001512,disgust
clip_001513,disgust
clip_001514,neutral
clip_001515,disgust
clip_001516,neutral
clip_001518,sad
clip_001519,happy
clip_001520,disgust
clip_001521,fear
clip_001522,fear
clip_001523,happy
clip_001526,disgust
clip_001527,fear
clip_001528,sad
clip_001529,anger
clip_001530,neutral
clip_001532,neutral
clip_001533,neutral
clip_001534,sad
clip_001536,disgust
clip_001537,fear
clip_001538,happy
clip_001539,happy
clip_001540,neutral
clip_001541,disgust
clip_001542,happy
clip_001543,happy
clip_001544,anger
clip_001545,anger
clip_001546,sad
clip_001547,happy
clip_001548,fear
clip_001549,sad
clip_001551,neutral
clip_001552,disgust
clip_001553,sad
clip_001554,happy
clip_001556,fear
clip_001557,neutral
clip_001558,disgust
clip_001559,happy
clip_001560,sad
clip_001561,fear
clip_001563,sad
clip_001564,neutral
clip_001565,sad
clip_001566,sad
clip_001567,disgust
clip_001569,neutral
clip_001571,happy
clip_001572,neutral
clip_001573,disgust
clip_001574,fear
clip_001575,disgust
clip_001576,fear
clip_001577,sad
clip_001578,disgust
clip_001579,happy
clip_001580,fear
clip_001581,disgust
clip_001583,fear
clip_001584,happy
clip_001586,happy
clip_001587,anger
clip_001588,anger
clip_001590,neutral
clip_001591,happy
clip_001592,fear
clip_001593,happy
clip_001594,happy
clip_001595,fear
clip_001596,fear
clip_001599,sad
clip_001600,neutral
clip_001601,fear
clip_001602,neutral
clip_001603,sad
clip_001605,sad
clip_001606,sad
clip_001607,disgust
clip_001609,neutral
clip_001610,anger
clip_001613,happy
clip_001614,neutral
clip_001615,sad
clip_001616,fear
clip_001617,neutral
clip_001618,anger
clip_001619,sad
clip_001620,disgust
clip_001622,fear
clip_001623,fear
clip_001624,sad
clip_001625,anger
clip_001627,disgust
clip_001628,fear
clip_001629,anger
clip_001630,disgust
clip_001631,fear
clip_001633,fear
clip_001634,disgust
clip_001636,sad
clip_001638,anger
clip_001639,neutral
clip_001640,sad
clip_001641,fear
clip_001642,neutral
clip_001643,disgust
clip_001644,fear
clip_001645,neutral
clip_001646,happy
clip_001647,disgust
clip_001648,sad
clip_001649,disgust
clip_001650,disgust
clip_001651,sad
clip_001652,neutral
clip_001653,anger
clip_001654,sad
clip_001655,fear
clip_001656,fear
clip_001658,sad
clip_001659,sad
clip_001660,fear
clip_001661,disgust
clip_001662,sad
clip_001663,fear
clip_001664,sad
clip_001665,sad
clip_001666,happy
clip_001667,neutral
clip_001669,anger
clip_001670,neutral
clip_001671,happy
clip_001672,anger
clip_001673,neutral
clip_001675,neutral
clip_001678,anger
clip_001681,sad
clip_001682,anger
clip_001683,neutral
clip_001684,happy
clip_001685,anger
clip_001686,happy
clip_001687,neutral
clip_001688,happy
clip_001689,sad
clip_001690,sad
clip_001691,neutral
clip_001692,neutral
clip_001693,disgust
clip_001694,fear
clip_001695,sad
clip_001696,sad
clip_001699,anger
clip_001700,sad
clip_001701,disgust
clip_001702,anger
clip_001703,fear
clip_001704,happy
clip_001706,neutral
clip_001707,happy
clip_001708,neutral
clip_001709,happy
clip_001710,fear
clip_001711,fear
clip_001712,neutral
clip_001713,neutral
clip_001715,anger
clip_001717,sad
clip_001718,disgust
clip_001719,happy
clip_001720,anger
clip_001722,sad
clip_001723,fear
clip_001724,happy
clip_001725,disgust
clip_001726,disgust
clip_001727,disgust
clip_001728,happy
clip_001729,disgust
clip_001730,anger
clip_001731,neutral
clip_001732,fear
clip_001733,neutral
clip_001735,happy
clip_001736,disgust
clip_001737,disgust
clip_001738,sad
clip_001740,disgust
clip_001741,neutral
clip_001742,fear
clip_001743,sad
clip_001744,disgust
clip_001745,anger
clip_001746,anger
clip_001747,disgust
clip_001748,disgust
clip_001749,neutral
clip_001752,anger
clip_001753,neutral
clip_001754,fear
clip_001755,fear
clip_001756,disgust
clip_001757,happy
clip_001758,sad
clip_001759,sad
clip_001760,happy
clip_001762,fear
clip_001763,fear
clip_001764,neutral
clip_001765,happy
clip_001766,happy
clip_001768,sad
clip_001769,happy
clip_001770,anger
clip_001771,sad
clip_001772,neutral
clip_001773,sad
clip_001774,disgust
clip_001775,happy
clip_001776,fear
clip_001777,fear
clip_001778,fear
clip_001779,fear
clip_001780,happy
clip_001781,disgust
clip_001782,sad
clip_001783,happy
clip_001784,sad
clip_001785,sad
clip_001786,neutral
clip_001787,sad
clip_001789,sad
clip_001790,fear
clip_001791,happy
clip_001794,anger
clip_001795,disgust
clip_001796,neutral
clip_001797,sad
clip_001798,neutral
clip_001799,neutral
clip_001800,disgust
clip_001802,neutral
clip_001803,fear
clip_001804,sad
clip_001805,happy
clip_001806,happy
clip_001808,anger
clip_001809,happy
clip_001810,anger
clip_001812,disgust
clip_001813,sad
clip_001814,disgust
clip_001816,neutral
clip_001817,anger
clip_001818,neutral
clip_001819,sad
clip_001820,neutral
clip_001821,neutral
clip_001822,happy
clip_001823,sad
clip_001824,happy
clip_001825,disgust
clip_001826,fear
clip_001827,fear
clip_001828,disgust
clip_001830,happy
clip_001831,happy
clip_001832,disgust
clip_001833,anger
clip_001834,anger
clip_001835,disgust
clip_001836,anger
clip_001837,fear
clip_001838,neutral
clip_001839,sad
clip_001840,neutral
clip_001843,anger
clip_001845,neutral
clip_001846,neutral
clip_001848,happy
clip_001849,sad
clip_001850,neutral
clip_001851,neutral
clip_001852,neutral
clip_001853,neutral
clip_001855,disgust
clip_001856,fear
clip_001858,neutral
clip_001859,anger
clip_001860,anger
clip_001862,fear
clip_001863,neutral
clip_001864,happy
clip_001865,disgust
clip_001867,anger
clip_001868,neutral
clip_001869,sad
clip_001870,happy
clip_001871,happy
clip_001873,disgust
clip_001874,anger
clip_001875,happy
clip_001876,disgust
clip_001877,disgust
clip_001878,anger
clip_001879,fear
clip_001880,neutral
clip_001881,sad
clip_001882,fear
clip_001883,fear
clip_001884,neutral
clip_001885,fear
clip_001888,neutral
clip_001889,sad
clip_001890,fear
clip_001892,sad
clip_001894,sad
clip_001895,disgust
clip_001896,happy
clip_001897,neutral
clip_001898,neutral
clip_001900,neutral
clip_001901,anger
clip_001902,sad
clip_001905,disgust
clip_001906,disgust
clip_001907,sad
clip_001908,fear
clip_001909,neutral
clip_001910,anger
clip_001911,disgust
clip_001912,anger
clip_001913,happy
clip_001914,anger
clip_001915,anger
clip_001917,disgust
clip_001918,sad
clip_001919,disgust
clip_001920,sad
clip_001921,neutral
clip_001922,sad
clip_001925,fear
clip_001928,neutral
clip_001930,disgust
clip_001931,neutral
clip_001932,fear
clip_001933,anger
clip_001934,fear
clip_001937,happy
clip_001938,sad
clip_001939,anger
clip_001940,disgust
clip_001942,happy
clip_001943,disgust
clip_001944,fear
clip_001947,disgust
clip_001950,neutral
clip_001951,disgust
clip_001953,sad
clip_001957,disgust
clip_001958,disgust
clip_001959,anger
clip_001961,sad
clip_001962,anger
clip_001964,anger
clip_001965,happy
clip_001966,anger
clip_001968,sad
clip_001969,anger
clip_001970,happy
clip_001971,happy
clip_001972,disgust
clip_001974,neutral
clip_001975,anger
clip_001976,happy
clip_001977,neutral
clip_001981,anger
clip_001982,fear
clip_001983,fear
clip_001984,anger
clip_001985,fear
clip_001986,disgust
clip_001988,neutral
clip_001989,neutral
clip_001991,fear
clip_001992,fear
clip_001993,anger
clip_001994,anger
clip_001996,fear
clip_001997,disgust
clip_001998,fear
clip_002000,fear
clip_002001,anger
clip_002003,neutral
clip_002004,neutral
clip_002005,happy
clip_002006,neutral
clip_002007,disgust
clip_002008,fear
clip_002009,neutral
clip_002012,neutral
clip_002013,sad
clip_002014,neutral
clip_002016,fear
clip_002017,sad
clip_002018,neutral
clip_002019,anger
clip_002020,sad
clip_002022,disgust
clip_002023,disgust
clip_002024,happy
clip_002027,sad
clip_002028,neutral
clip_002030,anger
clip_002031,sad
clip_002032,disgust
clip_002033,anger
clip_002035,anger
clip_002036,neutral
clip_002037,neutral
clip_002038,neutral
clip_002039,sad
clip_002040,disgust
clip_002041,neutral
clip_002042,neutral
clip_002044,sad
clip_002045,anger
clip_002046,neutral
clip_002047,fear
clip_002048,sad
clip_002050,anger
clip_002051,happy
clip_002052,neutral
clip_002053,sad
clip_002056,disgust
clip_002057,fear
clip_002058,sad
clip_002062,fear
clip_002064,anger
clip_002065,disgust
clip_002066,sad
clip_002067,anger
clip_002068,fear
clip_002069,anger
clip_002070,happy
clip_002071,happy
clip_002072,fear
clip_002073,happy
clip_002074,anger
clip_002075,happy
clip_002077,anger
clip_002078,anger
clip_002079,happy
clip_002080,happy
clip_002081,disgust
clip_002082,happy
clip_002085,sad
clip_002086,anger
clip_002087,disgust
clip_002088,sad
clip_002089,happy
clip_002092,neutral
clip_002093,happy
clip_002094,fear
clip_002095,sad
clip_002097,fear
clip_002099,fear
clip_002100,happy
clip_002101,neutral
clip_002104,fear
clip_002105,anger
clip_002106,sad
clip_002108,happy
clip_002110,fear
clip_002111,anger
clip_002112,neutral
clip_002114,neutral
clip_002116,neutral
clip_002117,fear
clip_002118,fear
clip_002119,fear
clip_002120,sad
clip_002121,happy
clip_002123,fear
clip_002124,neutral
clip_002125,neutral
clip_002127,sad
clip_002130,fear
clip_002131,disgust
clip_002133,anger
clip_002134,happy
clip_002135,fear
clip_002136,anger
clip_002139,disgust
clip_002140,fear
clip_002141,disgust
clip_002142,anger
clip_002144,happy
clip_002146,anger
clip_002147,anger
clip_002148,fear
clip_002149,anger
clip_002152,happy
clip_002153,neutral
clip_002154,happy
clip_002156,anger
clip_002157,fear
clip_002159,neutral
clip_002160,disgust
clip_002161,fear
clip_002164,fear
clip_002165,disgust
clip_002166,anger
clip_002167,neutral
clip_002168,fear
clip_002171,anger
clip_002172,anger
clip_002173,anger
clip_002174,disgust
clip_002177,sad
clip_002180,neutral
clip_002181,anger
clip_002182,neutral
clip_002183,happy
clip_002184,happy
clip_002185,anger
clip_002186,neutral
clip_002187,happy
clip_002188,happy
clip_002191,fear
clip_002192,fear
clip_002193,happy
clip_002194,anger
clip_002195,sad
clip_002197,fear
clip_002199,anger
clip_002201,neutral
clip_002202,anger
clip_002203,disgust
clip_002204,sad
clip_002205,anger
clip_002206,fear
clip_002207,happy
clip_002208,sad
clip_002209,disgust
clip_002211,fear
clip_002213,fear
clip_002214,anger
clip_002215,fear
clip_002216,anger
clip_002217,disgust
clip_002218,disgust
clip_002219,neutral
clip_002222,neutral
clip_002224,anger
clip_002225,neutral
clip_002226,disgust
clip_002227,fear
clip_002229,fear
clip_002230,sad
clip_002232,disgust
clip_002233,anger
clip_002234,anger
clip_002236,anger
clip_002237,sad
clip_002238,disgust
clip_002240,anger
clip_002242,disgust
clip_002244,anger
clip_002246,fear
clip_002247,happy
clip_002248,happy
clip_002249,happy
clip_002250,anger
clip_002252,sad
clip_002255,anger
clip_002256,anger
clip_002257,happy
clip_002258,happy
clip_002259,sad
clip_002260,neutral
clip_002261,sad
clip_002263,fear
clip_002264,fear
clip_002265,disgust
clip_002266,neutral
clip_002267,disgust
clip_002268,sad
clip_002270,fear
clip_002271,fear
clip_002272,sad
clip_002273,anger
clip_002274,disgust
clip_002276,disgust
clip_002279,disgust
clip_002280,sad
clip_002281,fear
clip_002282,neutral
clip_002283,happy
clip_002285,disgust
clip_002286,happy
clip_002287,anger
clip_002289,sad
clip_002292,happy
clip_002293,disgust
clip_002294,fear
clip_002295,fear
clip_002297,anger
clip_002300,neutral
clip_002301,fear
clip_002302,happy
clip_002303,neutral
clip_002304,sad
clip_002305,fear
clip_002306,sad
clip_002307,happy
clip_002308,sad
clip_002310,disgust
clip_002311,disgust
clip_002314,neutral
clip_002315,anger
clip_002316,disgust
clip_002317,neutral
clip_002318,anger
clip_002319,fear
clip_002320,disgust
clip_002321,sad
clip_002322,sad
clip_002323,fear
clip_002324,neutral
clip_002325,sad
clip_002326,anger
clip_002327,fear
clip_002328,happy
clip_002329,neutral
clip_002330,happy
clip_002333,fear
clip_002334,disgust
clip_002335,happy
clip_002336,anger
clip_002337,sad
clip_002339,fear
clip_002340,anger
clip_002341,disgust
clip_002342,happy
clip_002343,disgust
clip_002344,neutral
clip_002347,happy
clip_002348,sad
clip_002350,neutral
clip_002351,anger
clip_002353,fear
clip_002354,fear
clip_002355,neutral
clip_002357,happy
clip_002358,happy
clip_002360,disgust
clip_002361,fear
clip_002362,fear
clip_002363,fear
clip_002365,happy
clip_002366,anger
clip_002367,sad
clip_002368,anger
clip_002369,anger
clip_002370,disgust
clip_002372,anger
clip_002374,sad
clip_002376,disgust
clip_002377,happy
clip_002378,sad
clip_002381,disgust
clip_002383,happy
clip_002385,happy
clip_002386,disgust
clip_002387,disgust
clip_002389,disgust
clip_002392,fear
clip_002393,fear
clip_002394,disgust
clip_002395,happy
clip_002397,sad
clip_002398,fear
clip_002400,sad
clip_002401,anger
clip_002402,sad
clip_002404,disgust
clip_002405,happy
clip_002406,sad
clip_002407,fear
clip_002408,fear
clip_002410,anger
clip_002414,neutral
clip_002418,fear
clip_002419,fear
clip_002421,anger
clip_002422,fear
clip_002423,disgust
clip_002424,fear
clip_002425,neutral
clip_002426,sad
clip_002427,sad
clip_002428,sad
clip_002430,fear
clip_002431,neutral
clip_002432,fear
clip_002433,disgust
clip_002435,sad
clip_002436,fear
clip_002437,fear
clip_002438,sad
clip_002439,disgust
clip_002441,anger
clip_002442,anger
clip_002443,disgust
clip_002444,sad
clip_002446,disgust
clip_002447,happy
clip_002450,anger
clip_002453,sad
clip_002455,sad
clip_002456,anger
clip_002457,fear
clip_002458,anger
clip_002459,sad
clip_002461,anger
clip_002462,anger
clip_002465,disgust
clip_002466,neutral
clip_002467,sad
clip_002468,anger
clip_002469,fear
clip_002470,fear
clip_002471,happy
clip_002474,fear
clip_002475,sad
clip_002476,anger
clip_002477,disgust
clip_002478,fear
clip_002479,happy
clip_002480,fear
clip_002481,fear
clip_002483,anger
clip_002485,fear
clip_002487,fear
clip_002488,happy
clip_002489,fear
clip_002490,fear
clip_002491,neutral
clip_002492,sad
clip_002493,happy
clip_002496,happy
clip_002497,disgust
clip_002498,sad
clip_002499,fear
clip_002501,neutral
clip_002502,happy
clip_002503,neutral
clip_002504,anger
clip_002505,sad
clip_002506,fear
clip_002508,disgust
clip_002509,anger
clip_002512,neutral
clip_002514,neutral
clip_002515,happy
clip_002517,sad
clip_002520,fear
clip_002521,sad
clip_002522,happy
clip_002523,anger
clip_002525,sad
clip_002526,happy
clip_002527,happy
clip_002529,sad
clip_002531,anger
clip_002535,fear
clip_002539,happy
clip_002540,sad
clip_002541,neutral
clip_002544,sad
clip_002545,anger
clip_002546,sad
clip_002547,fear
clip_002549,disgust
clip_002550,happy
clip_002551,sad
clip_002553,neutral
clip_002555,sad
clip_002556,sad
clip_002557,happy
clip_002560,happy
clip_002561,fear
clip_002563,fear
clip_002565,disgust
clip_002566,disgust
clip_002567,fear
clip_002568,fear
clip_002570,sad
clip_002574,sad
clip_002575,happy
clip_002576,disgust
clip_002578,anger
clip_002579,neutral
clip_002583,neutral
clip_002584,disgust
clip_002586,happy
clip_002587,fear
clip_002591,happy
clip_002592,disgust
clip_002593,neutral
clip_002594,fear
clip_002595,happy
clip_002599,fear
clip_002600,fear
clip_002601,anger
clip_002602,neutral
clip_002603,fear
clip_002605,sad
clip_002606,fear
clip_002607,sad
clip_002608,sad
clip_002609,disgust
clip_002610,disgust
clip_002611,sad
clip_002612,anger
clip_002613,sad
clip_002615,sad
clip_002616,happy
clip_002617,sad
clip_002618,sad
clip_002619,anger
clip_002622,sad
clip_002623,fear
clip_002625,disgust
clip_002626,fear
clip_002627,neutral
clip_002628,anger
clip_002629,disgust
clip_002630,happy
clip_002631,anger
clip_002632,disgust
clip_002634,neutral
clip_002635,sad
clip_002636,sad
clip_002638,disgust
clip_002639,sad
clip_002640,anger
clip_002641,disgust
clip_002642,sad
clip_002643,sad
clip_002644,anger
clip_002647,fear
clip_002648,sad
clip_002649,anger
clip_002650,fear
clip_002651,anger
clip_002652,disgust
clip_002654,happy
clip_002655,disgust
clip_002661,disgust
clip_002663,fear
clip_002664,fear
clip_002665,neutral
clip_002668,neutral
clip_002669,disgust
clip_002670,neutral
clip_002671,disgust
clip_002672,disgust
clip_002673,fear
clip_002674,happy
clip_002675,happy
clip_002676,anger
clip_002679,happy
clip_002680,fear
clip_002681,neutral
clip_002683,fear
clip_002685,sad
clip_002687,fear
clip_002688,sad
clip_002689,fear
clip_002691,anger
clip_002693,anger
clip_002694,anger
clip_002695,happy
clip_002696,fear
clip_002697,happy
clip_002698,anger
clip_002699,happy
clip_002700,anger
clip_002701,disgust
clip_002704,fear
clip_002706,anger
clip_002709,fear
clip_002710,fear
clip_002711,anger
clip_002712,anger
clip_002713,happy
clip_002714,disgust
clip_002715,disgust
clip_002716,sad
clip_002718,neutral
clip_002719,anger
clip_002720,neutral
clip_002721,fear
clip_002722,happy
clip_002723,disgust
clip_002725,happy
clip_002728,fear
clip_002729,neutral
clip_002730,neutral
clip_002731,happy
clip_002732,fear
clip_002733,sad
clip_002734,disgust
clip_002736,fear
clip_002738,anger
clip_002739,anger
clip_002740,sad
clip_002741,disgust
clip_002742,fear
clip_002743,neutral
clip_002744,anger
clip_002745,sad
clip_002746,anger
clip_002747,sad
clip_002748,happy
clip_002749,fear
clip_002751,anger
clip_002752,disgust
clip_002753,sad
clip_002754,happy
clip_002755,happy
clip_002756,anger
clip_002758,happy
clip_002759,neutral
clip_002761,happy
clip_002762,fear
clip_002763,disgust
clip_002764,happy
clip_002768,fear
clip_002769,disgust
clip_002771,sad
clip_002772,anger
clip_002775,anger
clip_002776,anger
clip_002777,fear
clip_002779,sad
clip_002780,neutral
clip_002781,disgust
clip_002782,sad
clip_002784,sad
clip_002785,sad
clip_002787,happy
clip_002789,happy
clip_002791,fear
clip_002793,sad
clip_002795,anger
clip_002797,sad
clip_002798,sad
clip_002800,sad
clip_002802,disgust
clip_002803,neutral
clip_002804,anger
clip_002805,disgust
clip_002807,sad
clip_002809,sad
clip_002811,disgust
clip_002812,fear
clip_002813,anger
clip_002816,anger
clip_002817,disgust
clip_002818,happy
clip_002819,neutral
clip_002820,disgust
clip_002821,sad
clip_002822,anger
clip_002823,sad
clip_002824,anger
clip_002825,fear
clip_002826,disgust
clip_002829,sad
clip_002830,neutral
clip_002831,disgust
clip_002832,sad
clip_002833,fear
clip_002834,happy
clip_002835,fear
clip_002836,fear
clip_002837,happy
clip_002839,sad
clip_002840,disgust
clip_002843,happy
clip_002844,fear
clip_002846,sad
clip_002849,anger
clip_002851,neutral
clip_002852,happy
clip_002854,disgust
clip_002855,anger
clip_002856,fear
clip_002857,fear
clip_002858,sad
clip_002860,anger
clip_002861,disgust
clip_002863,anger
clip_002864,neutral
clip_002866,anger
clip_002867,disgust
clip_002868,happy
clip_002869,sad
clip_002871,neutral
clip_002872,neutral
clip_002873,neutral
clip_002874,happy
clip_002875,sad
clip_002876,happy
clip_002877,disgust
clip_002878,sad
clip_002879,happy
clip_002880,fear
clip_002881,fear
clip_002882,happy
clip_002883,happy
clip_002884,fear
clip_002885,anger
clip_002886,disgust
clip_002888,happy
clip_002889,fear
clip_002890,anger
clip_002893,sad
clip_002894,sad
clip_002895,anger
clip_002896,happy
clip_002897,disgust
clip_002900,neutral
clip_002901,neutral
clip_002904,neutral
clip_002905,neutral
clip_002906,anger
clip_002907,anger
clip_002908,fear
clip_002910,fear
clip_002911,anger
clip_002912,happy
clip_002913,anger
clip_002914,sad
clip_002915,fear
clip_002917,anger
clip_002918,happy
clip_002919,anger
clip_002920,anger
clip_002921,anger
clip_002924,disgust
clip_002925,neutral
clip_002926,disgust
clip_002927,disgust
clip_002929,disgust
clip_002930,fear
clip_002932,fear
clip_002933,disgust
clip_002935,disgust
clip_002936,neutral
clip_002938,anger
clip_002939,neutral
clip_002940,fear
clip_002941,anger
clip_002945,anger
clip_002946,disgust
clip_002947,disgust
clip_002949,neutral
clip_002950,fear
clip_002951,sad
clip_002952,disgust
clip_002953,disgust
clip_002954,anger
clip_002956,neutral
clip_002957,anger
clip_002958,neutral
clip_002959,neutral
clip_002960,happy
clip_002961,happy
clip_002962,disgust
clip_002963,fear
clip_002965,sad
clip_002966,neutral
clip_002967,disgust
clip_002968,happy
clip_002969,neutral
clip_002970,disgust
clip_002971,neutral
clip_002972,fear
clip_002973,neutral
clip_002974,anger
clip_002975,neutral
clip_002977,disgust
clip_002979,happy
clip_002980,sad
clip_002981,anger
clip_002984,fear
clip_002985,sad
clip_002986,anger
clip_002987,anger
clip_002988,neutral
clip_002989,disgust
clip_002991,fear
clip_002992,sad
clip_002993,sad
clip_002994,sad
clip_002996,anger
clip_002998,sad
clip_002999,fear
clip_003000,anger
clip_003001,happy
clip_003002,fear
clip_003003,fear
clip_003004,anger
clip_003005,fear
clip_003006,neutral
clip_003007,neutral
clip_003010,disgust
clip_003011,disgust
clip_003013,happy
clip_003014,anger
clip_003015,disgust
clip_003016,neutral
clip_003017,happy
clip_003018,anger
clip_003019,fear
clip_003020,happy
clip_003021,disgust
clip_003022,anger
clip_003023,fear
clip_003026,disgust
clip_003029,fear
clip_003030,fear
clip_003031,disgust
clip_003032,disgust
clip_003033,happy
clip_003035,happy
clip_003036,anger
clip_003037,sad
clip_003038,disgust
clip_003040,neutral
clip_003041,sad
clip_003042,happy
clip_003044,sad
clip_003046,sad
clip_003047,anger
clip_003048,fear
clip_003050,neutral
clip_003052,disgust
clip_003053,sad
clip_003054,anger
clip_003055,fear
clip_003056,neutral
clip_003057,fear
clip_003059,anger
clip_003060,sad
clip_003061,happy
clip_003062,fear
clip_003064,sad
clip_003065,neutral
clip_003066,anger
clip_003067,neutral
clip_003070,sad
clip_003071,neutral
clip_003072,anger
clip_003074,sad
clip_003075,sad
clip_003077,fear
clip_003078,anger
clip_003080,happy
clip_003081,fear
clip_003082,happy
clip_003084,neutral
clip_003087,disgust
clip_003091,anger
clip_003092,disgust
clip_003093,sad
clip_003094,disgust
clip_003096,disgust
clip_003097,neutral
clip_003098,disgust
clip_003099,anger
clip_003100,happy
clip_003101,happy
clip_003103,fear
clip_003104,sad
clip_003105,neutral
clip_003106,fear
clip_003107,disgust
clip_003108,sad
clip_003109,neutral
clip_003111,disgust
clip_003112,happy
clip_003113,anger
clip_003114,happy
clip_003115,happy
clip_003116,happy
clip_003117,sad
clip_003118,neutral
clip_003119,disgust
clip_003120,fear
clip_003121,happy
clip_003122,sad
clip_003123,happy
clip_003124,happy
clip_003128,neutral
clip_003130,fear
clip_003132,fear
clip_003133,happy
clip_003134,sad
clip_003135,sad
clip_003137,disgust
clip_003139,fear
clip_003140,happy
clip_003141,disgust
clip_003142,anger
clip_003143,anger
clip_003146,sad
clip_003147,disgust
clip_003148,anger
clip_003149,disgust
clip_003150,happy
clip_003151,fear
clip_003152,fear
clip_003153,anger
clip_003154,neutral
clip_003155,disgust
clip_003156,fear
clip_003157,sad
clip_003158,disgust
clip_003159,sad
clip_003160,sad
clip_003162,neutral
clip_003163,sad
clip_003164,anger
clip_003165,neutral
clip_003166,sad
clip_003167,sad
clip_003168,happy
clip_003169,anger
clip_003171,anger
clip_003172,happy
clip_003173,anger
clip_003174,anger
clip_003175,disgust
clip_003176,neutral
clip_003177,disgust
clip_003178,anger
clip_003179,happy
clip_003180,fear
clip_003182,happy
clip_003183,neutral
clip_003184,disgust
clip_003185,neutral
clip_003186,anger
clip_003187,sad
clip_003189,disgust
clip_003190,fear
clip_003192,happy
clip_003193,sad
clip_003194,happy
clip_003195,fear
clip_003197,sad
clip_003198,neutral
clip_003199,disgust
clip_003200,disgust
clip_003202,happy
clip_003203,disgust
clip_003204,anger
clip_003205,anger
clip_003206,happy
clip_003207,happy
clip_003208,fear
clip_003211,happy
clip_003216,happy
clip_003217,fear
clip_003219,sad
clip_003221,neutral
clip_003222,sad
clip_003225,disgust
clip_003226,neutral
clip_003227,happy
clip_003229,anger
clip_003231,neutral
clip_003232,anger
clip_003234,fear
clip_003236,neutral
clip_003237,sad
clip_003238,fear
clip_003239,disgust
clip_003240,fear
clip_003241,sad
clip_003242,fear
clip_003243,anger
clip_003244,happy
clip_003246,disgust
clip_003247,disgust
clip_003249,anger
clip_003250,happy
clip_003252,sad
clip_003253,sad
clip_003254,fear
clip_003255,neutral
clip_003257,fear
clip_003258,disgust
clip_003259,anger
clip_003261,happy
clip_003262,neutral
clip_003263,fear
clip_003264,anger
clip_003265,disgust
clip_003266,sad
clip_003268,disgust
clip_003269,anger
clip_003270,disgust
clip_003272,fear
clip_003273,neutral
clip_003274,sad
clip_003275,neutral
clip_003276,happy
clip_003277,neutral
clip_003278,sad
clip_003279,fear
clip_003281,anger
clip_003282,anger
clip_003284,anger
clip_003285,neutral
clip_003287,neutral
clip_003289,sad
clip_003291,happy
clip_003292,happy
clip_003293,sad
clip_003294,sad
clip_003295,anger
clip_003296,sad
clip_003297,sad
clip_003302,neutral
clip_003303,fear
clip_003304,happy
clip_003306,anger
clip_003308,disgust
clip_003309,sad
clip_003310,sad
clip_003311,anger
clip_003312,happy
clip_003313,sad
clip_003314,fear
clip_003315,happy
clip_003316,sad
clip_003317,neutral
clip_003321,happy
clip_003324,disgust
clip_003326,sad
clip_003327,neutral
clip_003328,disgust
clip_003329,fear
clip_003330,happy
clip_003332,fear
clip_003333,anger
clip_003334,fear
clip_003337,fear
clip_003338,sad
clip_003340,disgust
clip_003341,sad
clip_003342,fear
clip_003343,neutral
clip_003345,anger
clip_003346,anger
clip_003347,sad
clip_003349,neutral
clip_003351,disgust
clip_003352,sad
clip_003353,disgust
clip_003354,fear
clip_003355,fear
clip_003357,fear
clip_003358,fear
clip_003361,happy
clip_003362,sad
clip_003364,sad
clip_003367,sad
clip_003368,fear
clip_003369,anger
clip_003371,neutral
clip_003373,happy
clip_003374,happy
clip_003375,sad
clip_003376,fear
clip_003378,disgust
clip_003379,sad
clip_003380,disgust
clip_003381,neutral
clip_003382,happy
clip_003383,disgust
clip_003385,anger
clip_003386,fear
clip_003387,disgust
clip_003388,disgust
clip_003391,sad
clip_003392,disgust
clip_003393,fear
clip_003394,sad
clip_003396,anger
clip_003399,happy
clip_003400,disgust
clip_003401,neutral
clip_003403,fear
clip_003404,happy
clip_003405,sad
clip_003406,happy
clip_003408,anger
clip_003410,sad
clip_003411,anger
clip_003413,anger
clip_003414,anger
clip_003415,fear
clip_003416,anger
clip_003417,disgust
clip_003418,disgust
clip_003420,sad
clip_003421,disgust
clip_003422,anger
clip_003425,anger
clip_003427,neutral
clip_003428,disgust
clip_003429,neutral
clip_003430,fear
clip_003431,disgust
clip_003433,disgust
clip_003435,happy
clip_003436,anger
clip_003437,disgust
clip_003439,happy
clip_003440,sad
clip_003441,happy
clip_003442,sad
clip_003443,disgust
clip_003444,disgust
clip_003446,neutral
clip_003447,neutral
clip_003448,anger
clip_003449,sad
clip_003450,sad
clip_003451,anger
clip_003453,disgust
clip_003454,disgust
clip_003455,neutral
clip_003457,neutral
clip_003458,anger
clip_003459,anger
clip_003460,anger
clip_003461,neutral
clip_003462,sad
clip_003463,sad
clip_003464,sad
clip_003466,fear
clip_003467,disgust
clip_003468,sad
clip_003470,happy
clip_003475,fear
clip_003476,neutral
clip_003477,disgust
clip_003478,anger
clip_003479,fear
clip_003480,happy
clip_003481,anger
clip_003482,happy
clip_003483,sad
clip_003484,disgust
clip_003487,sad
clip_003488,disgust
clip_003490,anger
clip_003491,sad
clip_003493,fear
clip_003494,disgust
clip_003496,neutral
clip_003497,sad
clip_003498,anger
clip_003500,fear
clip_003501,sad
clip_003502,neutral
clip_003503,happy
clip_003505,happy
clip_003508,disgust
clip_003511,anger
clip_003512,anger
clip_003513,happy
clip_003514,fear
clip_003515,fear
clip_003517,neutral
clip_003518,sad
clip_003519,fear
clip_003520,anger
clip_003521,sad
clip_003523,sad
clip_003525,disgust
clip_003528,fear
clip_003529,disgust
clip_003532,disgust
clip_003534,anger
clip_003535,anger
clip_003537,neutral
clip_003538,anger
clip_003539,disgust
clip_003540,disgust
clip_003541,anger
clip_003542,anger
clip_003545,happy
clip_003547,disgust
clip_003549,fear
clip_003550,sad
clip_003551,happy
clip_003552,disgust
clip_003556,sad
clip_003557,fear
clip_003558,anger
clip_003559,fear
clip_003560,sad
clip_003564,anger
clip_003565,neutral
clip_003566,neutral
clip_003568,sad
clip_003570,happy
clip_003571,disgust
clip_003572,anger
clip_003574,sad
clip_003578,neutral
clip_003579,disgust
clip_003580,fear
clip_003582,happy
clip_003583,fear
clip_003584,anger
clip_003585,anger
clip_003590,anger
clip_003592,sad
clip_003593,disgust
clip_003594,happy
clip_003595,fear
clip_003596,neutral
clip_003598,disgust
clip_003600,disgust
clip_003604,anger
clip_003605,sad
clip_003606,anger
clip_003607,anger
clip_003609,fear
clip_003610,neutral
clip_003611,happy
clip_003612,happy
clip_003614,neutral
clip_003615,fear
clip_003616,sad
clip_003618,disgust
clip_003619,happy
clip_003624,happy
clip_003625,anger
clip_003626,fear
clip_003627,happy
clip_003630,anger
clip_003631,fear
clip_003632,disgust
clip_003633,sad
clip_003634,fear
clip_003636,anger
clip_003637,happy
clip_003638,fear
clip_003639,anger
clip_003640,neutral
clip_003641,anger
clip_003643,neutral
clip_003644,sad
clip_003645,happy
clip_003647,anger
clip_003648,anger
clip_003649,fear
clip_003650,fear
clip_003651,happy
clip_003652,sad
clip_003653,disgust
clip_003654,sad
clip_003655,happy
clip_003656,happy
clip_003657,neutral
clip_003658,anger
clip_003659,neutral
clip_003661,anger
clip_003662,disgust
clip_003663,disgust
clip_003664,neutral
clip_003666,disgust
clip_003667,anger
clip_003668,neutral
clip_003669,neutral
clip_003670,happy
clip_003674,disgust
clip_003676,neutral
clip_003677,disgust
clip_003678,neutral
clip_003679,sad
clip_003681,fear
clip_003683,anger
clip_003685,happy
clip_003686,disgust
clip_003687,sad
clip_003688,fear
clip_003689,happy
clip_003690,neutral
clip_003691,happy
clip_003692,sad
clip_003694,disgust
clip_003695,sad
clip_003697,fear
clip_003698,disgust
clip_003700,sad
clip_003701,sad
clip_003702,neutral
clip_003703,happy
clip_003704,neutral
clip_003705,fear
clip_003706,fear
clip_003707,fear
clip_003709,neutral
clip_003711,neutral
clip_003713,happy
clip_003714,sad
clip_003715,anger
clip_003717,happy
clip_003718,happy
clip_003719,sad
clip_003720,happy
clip_003721,disgust
clip_003722,anger
clip_003724,fear
clip_003726,disgust
clip_003727,disgust
clip_003729,anger
clip_003730,fear
clip_003733,disgust
clip_003734,fear
clip_003736,disgust
clip_003737,neutral
clip_003738,neutral
clip_003739,disgust
clip_003741,sad
clip_003744,disgust
clip_003745,sad
clip_003746,anger
clip_003747,sad
clip_003750,anger
clip_003751,happy
clip_003752,fear
clip_003753,anger
clip_003755,fear
clip_003756,neutral
clip_003757,disgust
clip_003759,anger
clip_003760,disgust
clip_003761,disgust
clip_003762,sad
clip_003764,sad
clip_003765,anger
clip_003766,neutral
clip_003768,anger
clip_003769,sad
clip_003770,anger
clip_003771,anger
clip_003772,sad
clip_003774,sad
clip_003776,sad
clip_003777,fear
clip_003780,disgust
clip_003781,anger
clip_003782,disgust
clip_003786,anger
clip_003788,fear
clip_003791,neutral
clip_003792,disgust
clip_003793,sad
clip_003794,disgust
clip_003798,disgust
clip_003799,anger
clip_003800,sad
clip_003801,neutral
clip_003802,fear
clip_003804,anger
clip_003805,sad
clip_003806,disgust
clip_003807,neutral
clip_003811,disgust
clip_003812,sad
clip_003813,anger
clip_003815,fear
clip_003816,happy
clip_003817,fear
clip_003818,anger
clip_003819,neutral
clip_003821,fear
clip_003822,anger
clip_003824,anger
clip_003825,fear
clip_003826,neutral
clip_003827,happy
clip_003829,fear
clip_003831,anger
clip_003832,sad
clip_003833,happy
clip_003834,disgust
clip_003835,anger
clip_003836,disgust
clip_003837,anger
clip_003838,fear
clip_003839,neutral
clip_003840,neutral
clip_003841,happy
clip_003842,happy
clip_003843,disgust
clip_003845,sad
clip_003847,sad
clip_003848,anger
clip_003849,happy
clip_003850,fear
clip_003851,disgust
clip_003853,happy
clip_003854,sad
clip_003855,disgust
clip_003856,fear
clip_003857,sad
clip_003858,neutral
clip_003860,disgust
clip_003861,sad
clip_003862,fear
clip_003863,disgust
clip_003864,happy
clip_003865,fear
clip_003866,disgust
clip_003867,anger
clip_003870,sad
clip_003871,neutral
clip_003875,disgust
clip_003877,anger
clip_003878,disgust
clip_003879,anger
clip_003880,fear
clip_003882,disgust
clip_003883,happy
clip_003885,happy
clip_003886,fear
clip_003887,fear
clip_003888,anger
clip_003889,fear
clip_003890,disgust
clip_003891,anger
clip_003893,disgust
clip_003894,neutral
clip_003895,anger
clip_003896,happy
clip_003898,happy
clip_003899,fear
clip_003900,anger
clip_003901,anger
clip_003904,disgust
clip_003905,sad
clip_003906,fear
clip_003907,fear
clip_003908,neutral
clip_003909,disgust
clip_003911,sad
clip_003913,anger
clip_003914,neutral
clip_003917,fear
clip_003918,fear
clip_003919,fear
clip_003920,sad
clip_003921,fear
clip_003922,sad
clip_003925,anger
clip_003926,neutral
clip_003930,fear
clip_003931,anger
clip_003932,happy
clip_003933,neutral
clip_003934,neutral
clip_003937,neutral
clip_003938,disgust
clip_003939,anger
clip_003940,happy
clip_003941,sad
clip_003942,sad
clip_003943,disgust
clip_003944,disgust
clip_003945,neutral
clip_003946,happy
clip_003947,disgust
clip_003949,fear
clip_003950,fear
clip_003951,anger
clip_003953,sad
clip_003954,happy
clip_003955,fear
clip_003956,disgust
clip_003957,anger
clip_003958,fear
clip_003959,neutral
clip_003962,sad
clip_003963,disgust
clip_003964,disgust
clip_003965,sad
clip_003966,disgust
clip_003967,disgust
clip_003968,fear
clip_003971,neutral
clip_003972,neutral
clip_003973,happy
clip_003974,happy
clip_003977,happy
clip_003979,anger
clip_003981,sad
clip_003983,sad
clip_003984,sad
clip_003985,sad
clip_003986,neutral
clip_003988,happy
clip_003990,neutral
clip_003992,sad
clip_003994,anger
clip_003995,disgust
clip_003999,disgust
clip_004000,happy
clip_004003,happy
clip_004004,sad
clip_004005,happy
clip_004007,sad
clip_004008,disgust
clip_004009,happy
clip_004010,anger
clip_004012,sad
clip_004013,happy
clip_004014,sad
clip_004016,happy
clip_004017,happy
clip_004018,happy
clip_004020,happy
clip_004021,sad
clip_004022,happy
clip_004024,happy
clip_004025,fear
clip_004026,anger
clip_004027,fear
clip_004028,anger
clip_004029,anger
clip_004030,fear
clip_004032,disgust
clip_004033,disgust
clip_004034,disgust
clip_004035,happy
clip_004037,happy
clip_004038,anger
clip_004043,sad
clip_004044,happy
clip_004045,sad
clip_004047,neutral
clip_004048,fear
clip_004049,fear
clip_004050,fear
clip_004051,anger
clip_004052,fear
clip_004053,anger
clip_004055,neutral
clip_004056,anger
clip_004057,neutral
clip_004058,sad
clip_004059,happy
clip_004060,disgust
clip_004061,anger
clip_004062,fear
clip_004064,sad
clip_004065,disgust
clip_004066,neutral
clip_004067,anger
clip_004069,fear
clip_004070,anger
clip_004071,neutral
clip_004072,neutral
clip_004073,happy
clip_004074,neutral
clip_004076,sad
clip_004077,disgust
clip_004078,happy
clip_004079,neutral
clip_004080,happy
clip_004081,anger
clip_004082,sad
clip_004083,disgust
clip_004084,anger
clip_004085,happy
clip_004087,fear
clip_004088,happy
clip_004089,neutral
clip_004090,happy
clip_004094,fear
clip_004095,disgust
clip_004096,neutral
clip_004097,anger
clip_004098,fear
clip_004100,fear
clip_004101,neutral
clip_004102,anger
clip_004103,disgust
clip_004104,disgust
clip_004105,happy
clip_004106,sad
clip_004107,happy
clip_004109,fear
clip_004111,disgust
clip_004113,fear
clip_004116,disgust
clip_004117,anger
clip_004118,disgust
clip_004119,sad
clip_004120,neutral
clip_004121,happy
clip_004123,anger
clip_004124,happy
clip_004128,neutral
clip_004129,anger
clip_004130,sad
clip_004134,anger
clip_004136,anger
clip_004138,neutral
clip_004139,happy
clip_004140,sad
clip_004141,neutral
clip_004142,neutral
clip_004143,neutral
clip_004146,happy
clip_004147,disgust
clip_004149,fear
clip_004150,disgust
clip_004151,anger
clip_004152,disgust
clip_004154,anger
clip_004155,sad
clip_004156,anger
clip_004157,neutral
clip_004159,sad
clip_004160,fear
clip_004163,disgust
clip_004164,disgust
clip_004165,anger
clip_004166,anger
clip_004167,disgust
clip_004168,anger
clip_004169,anger
clip_004170,fear
clip_004171,sad
clip_004172,fear
clip_004173,neutral
clip_004174,sad
clip_004175,disgust
clip_004177,disgust
clip_004178,disgust
clip_004179,neutral
clip_004180,happy
clip_004181,sad
clip_004182,sad
clip_004184,happy
clip_004185,sad
clip_004187,fear
clip_004189,anger
clip_004190,disgust
clip_004191,anger
clip_004193,sad
clip_004194,anger
clip_004195,neutral
clip_004196,anger
clip_004198,sad
clip_004199,sad
clip_004200,sad
clip_004201,sad
clip_004204,sad
clip_004206,anger
clip_004207,happy
clip_004209,neutral
clip_004210,happy
clip_004211,anger
clip_004214,disgust
clip_004215,sad
clip_004216,sad
clip_004217,sad
clip_004218,anger
clip_004219,happy
clip_004220,disgust
clip_004221,anger
clip_004222,disgust
clip_004223,disgust
clip_004224,neutral
clip_004225,disgust
clip_004230,fear
clip_004231,sad
clip_004232,neutral
clip_004234,neutral
clip_004235,sad
clip_004236,sad
clip_004237,happy
clip_004239,anger
clip_004240,happy
clip_004241,sad
clip_004242,fear
clip_004244,sad
clip_004245,disgust
clip_004246,happy
clip_004247,sad
clip_004249,happy
clip_004251,disgust
clip_004253,anger
clip_004255,fear
clip_004256,fear
clip_004257,neutral
clip_004258,fear
clip_004259,neutral
clip_004260,anger
clip_004262,disgust
clip_004263,sad
clip_004264,happy
clip_004265,neutral
clip_004266,sad
clip_004268,happy
clip_004270,disgust
clip_004272,happy
clip_004273,disgust
clip_004275,neutral
clip_004276,anger
clip_004277,fear
clip_004278,disgust
clip_004279,sad
clip_004280,anger
clip_004282,disgust
clip_004283,happy
clip_004284,happy
clip_004286,sad
clip_004288,happy
clip_004289,fear
clip_004290,disgust
clip_004291,disgust
clip_004294,fear
clip_004295,happy
clip_004298,fear
clip_004299,sad
clip_004303,anger
clip_004304,disgust
clip_004305,anger
clip_004306,happy
clip_004307,disgust
clip_004308,disgust
clip_004309,fear
clip_004310,happy
clip_004311,neutral
clip_004312,disgust
clip_004313,happy
clip_004315,neutral
clip_004319,happy
clip_004320,disgust
clip_004321,neutral
clip_004322,fear
clip_004323,happy
clip_004324,fear
clip_004325,anger
clip_004327,anger
clip_004328,anger
clip_004330,fear
clip_004331,disgust
clip_004332,neutral
clip_004333,anger
clip_004334,anger
clip_004336,fear
clip_004338,happy
clip_004339,fear
clip_004340,neutral
clip_004341,fear
clip_004342,happy
clip_004343,anger
clip_004344,neutral
clip_004345,neutral
clip_004346,happy
clip_004349,happy
clip_004350,fear
clip_004351,anger
clip_004353,neutral
clip_004356,happy
clip_004357,fear
clip_004358,happy
clip_004359,sad
clip_004360,fear
clip_004362,happy
clip_004363,neutral
clip_004364,fear
clip_004365,sad
clip_004368,neutral
clip_004369,disgust
clip_004370,disgust
clip_004371,happy
clip_004372,anger
clip_004373,sad
clip_004374,happy
clip_004375,fear
clip_004376,anger
clip_004378,neutral
clip_004379,happy
clip_004380,sad
clip_004383,neutral
clip_004384,fear
clip_004386,anger
clip_004387,fear
clip_004388,sad
clip_004389,disgust
clip_004390,anger
clip_004391,neutral
clip_004392,disgust
clip_004394,neutral
clip_004395,disgust
clip_004398,anger
clip_004399,disgust
clip_004400,happy
clip_004401,anger
clip_004404,disgust
clip_004405,happy
clip_004406,fear
clip_004407,fear
clip_004408,fear
clip_004409,disgust
clip_004410,sad
clip_004412,disgust
clip_004413,sad
clip_004414,sad
clip_004416,fear
clip_004417,sad
clip_004419,disgust
clip_004420,anger
clip_004421,happy
clip_004422,disgust
clip_004423,anger
clip_004425,fear
clip_004426,anger
clip_004427,disgust
clip_004428,happy
clip_004431,anger
clip_004432,disgust
clip_004433,sad
clip_004434,sad
clip_004436,happy
clip_004438,disgust
clip_004439,disgust
clip_004442,neutral
clip_004443,fear
clip_004444,neutral
clip_004445,sad
clip_004446,neutral
clip_004447,sad
clip_004449,fear
clip_004450,sad
clip_004452,happy
clip_004454,fear
clip_004455,happy
clip_004456,disgust
clip_004459,anger
clip_004461,happy
clip_004462,happy
clip_004464,anger
clip_004466,happy
clip_004467,sad
clip_004469,disgust
clip_004470,happy
clip_004471,anger
clip_004474,fear
clip_004475,disgust
clip_004476,disgust
clip_004477,neutral
clip_004478,disgust
clip_004479,sad
clip_004480,neutral
clip_004483,anger
clip_004485,sad
clip_004486,sad
clip_004487,anger
clip_004488,happy
clip_004490,fear
clip_004492,happy
clip_004493,happy
clip_004494,sad
clip_004495,happy
clip_004499,neutral
clip_004502,happy
clip_004503,fear
clip_004504,fear
clip_004508,disgust
clip_004509,sad
clip_004510,neutral
clip_004511,happy
clip_004512,disgust
clip_004514,sad
clip_004515,disgust
clip_004516,neutral
clip_004517,anger
clip_004518,happy
clip_004519,disgust
clip_004520,disgust
clip_004526,sad
clip_004527,sad
clip_004528,fear
clip_004529,neutral
clip_004531,disgust
clip_004532,fear
clip_004533,sad
clip_004534,disgust
clip_004535,anger
clip_004537,anger
clip_004538,happy
clip_004539,sad
clip_004540,neutral
clip_004542,sad
clip_004543,anger
clip_004544,disgust
clip_004545,sad
clip_004546,disgust
clip_004548,happy
clip_004549,happy
clip_004550,anger
clip_004551,disgust
clip_004553,happy
clip_004556,fear
clip_004557,fear
clip_004558,neutral
clip_004559,neutral
clip_004560,anger
clip_004561,neutral
clip_004563,sad
clip_004564,anger
clip_004565,fear
clip_004567,anger
clip_004568,happy
clip_004571,anger
clip_004573,disgust
clip_004574,fear
clip_004575,happy
clip_004576,neutral
clip_004577,neutral
clip_004578,sad
clip_004579,sad
clip_004580,disgust
clip_004581,anger
clip_004582,neutral
clip_004583,happy
clip_004584,fear
clip_004585,sad
clip_004586,disgust
clip_004587,disgust
clip_004588,anger
clip_004589,fear
clip_004590,anger
clip_004592,neutral
clip_004593,disgust
clip_004594,happy
clip_004595,anger
clip_004596,fear
clip_004597,sad
clip_004600,sad
clip_004601,fear
clip_004602,sad
clip_004603,neutral
clip_004605,disgust
clip_004606,happy
clip_004607,fear
clip_004608,happy
clip_004609,neutral
clip_004611,disgust
clip_004612,neutral
clip_004615,fear
clip_004616,disgust
clip_004617,neutral
clip_004620,anger
clip_004622,sad
clip_004623,disgust
clip_004624,neutral
clip_004626,anger
clip_004627,disgust
clip_004629,neutral
clip_004630,happy
clip_004635,disgust
clip_004636,anger
clip_004637,happy
clip_004638,sad
clip_004639,fear
clip_004642,fear
clip_004644,neutral
clip_004646,sad
clip_004647,fear
clip_004648,neutral
clip_004650,disgust
clip_004651,fear
clip_004652,fear
clip_004654,fear
clip_004656,sad
clip_004657,disgust
clip_004658,anger
clip_004659,fear
clip_004660,happy
clip_004661,anger
clip_004662,happy
clip_004663,neutral
clip_004664,neutral
clip_004665,neutral
clip_004666,fear
clip_004668,anger
clip_004670,neutral
clip_004671,neutral
clip_004672,disgust
clip_004673,neutral
clip_004675,sad
clip_004676,neutral
clip_004679,happy
clip_004680,neutral
clip_004681,anger
clip_004682,anger
clip_004683,anger
clip_004685,anger
clip_004686,disgust
clip_004687,neutral
clip_004688,disgust
clip_004689,neutral
clip_004690,neutral
clip_004691,disgust
clip_004695,fear
clip_004697,sad
clip_004698,disgust
clip_004699,disgust
clip_004700,anger
clip_004701,happy
clip_004702,happy
clip_004705,neutral
clip_004707,sad
clip_004708,anger
clip_004710,fear
clip_004711,fear
clip_004712,fear
clip_004713,anger
clip_004714,anger
clip_004715,anger
clip_004716,happy
clip_004717,anger
clip_004718,sad
clip_004721,anger
clip_004722,fear
clip_004723,happy
clip_004724,disgust
clip_004725,sad
clip_004726,fear
clip_004727,happy
clip_004729,disgust
clip_004730,fear
clip_004731,neutral
clip_004732,neutral
clip_004733,sad
clip_004734,disgust
clip_004735,disgust
clip_004736,happy
clip_004737,happy
clip_004738,fear
clip_004739,happy
clip_004740,sad
clip_004743,anger
clip_004744,happy
clip_004745,happy
clip_004747,fear
clip_004748,happy
clip_004749,disgust
clip_004750,fear
clip_004752,sad
clip_004753,neutral
clip_004754,anger
clip_004755,sad
clip_004757,neutral
clip_004758,disgust
clip_004760,happy
clip_004762,disgust
clip_004764,neutral
clip_004765,neutral
clip_004766,happy
clip_004767,disgust
clip_004768,neutral
clip_004769,disgust
clip_004770,neutral
clip_004773,anger
clip_004774,disgust
clip_004775,disgust
clip_004777,anger
clip_004778,happy
clip_004779,sad
clip_004780,anger
clip_004781,disgust
clip_004782,neutral
clip_004784,neutral
clip_004785,anger
clip_004788,happy
clip_004789,sad
clip_004790,neutral
clip_004791,happy
clip_004792,happy
clip_004793,sad
clip_004796,fear
clip_004797,sad
clip_004798,fear
clip_004799,disgust
clip_004800,fear
clip_004801,anger
clip_004802,sad
clip_004803,disgust
clip_004804,neutral
clip_004806,sad
clip_004807,fear
clip_004808,fear
clip_004809,neutral
clip_004810,sad
clip_004811,anger
clip_004813,anger
clip_004815,disgust
clip_004816,fear
clip_004817,disgust
clip_004818,happy
clip_004819,happy
clip_004820,sad
clip_004822,neutral
clip_004823,fear
clip_004824,anger
clip_004825,happy
clip_004826,anger
clip_004827,fear
clip_004828,fear
clip_004829,happy
clip_004831,anger
clip_004832,fear
clip_004833,sad
clip_004836,fear
clip_004837,disgust
clip_004839,anger
clip_004841,sad
clip_004842,happy
clip_004843,sad
clip_004844,fear
clip_004845,sad
clip_004846,disgust
clip_004847,sad
clip_004848,neutral
clip_004849,happy
clip_004850,fear
clip_004851,neutral
clip_004852,sad
clip_004853,anger
clip_004855,disgust
clip_004856,fear
clip_004857,neutral
clip_004858,fear
clip_004859,fear
clip_004860,sad
clip_004862,neutral
clip_004863,neutral
clip_004864,happy
clip_004867,fear
clip_004868,anger
clip_004869,disgust
clip_004870,disgust
clip_004871,happy
clip_004872,disgust
clip_004873,fear
clip_004874,sad
clip_004876,anger
clip_004877,neutral
clip_004878,sad
clip_004880,happy
clip_004882,disgust
clip_004883,anger
clip_004884,anger
clip_004885,happy
clip_004886,neutral
clip_004887,disgust
clip_004888,sad
clip_004889,anger
clip_004890,sad
clip_004891,happy
clip_004892,anger
clip_004895,sad
clip_004897,neutral
clip_004898,sad
clip_004899,disgust
clip_004900,fear
clip_004901,anger
clip_004902,sad
clip_004904,neutral
clip_004905,happy
clip_004907,disgust
clip_004908,disgust
clip_004910,fear
clip_004911,neutral
clip_004913,neutral
clip_004915,happy
clip_004917,neutral
clip_004918,sad
clip_004919,sad
clip_004922,fear
clip_004924,sad
clip_004925,neutral
clip_004926,anger
clip_004928,disgust
clip_004929,sad
clip_004930,neutral
clip_004931,neutral
clip_004932,sad
clip_004933,neutral
clip_004934,anger
clip_004935,neutral
clip_004936,anger
clip_004937,anger
clip_004938,fear
clip_004939,happy
clip_004940,happy
clip_004942,fear
clip_004943,neutral
clip_004945,disgust
clip_004948,fear
clip_004949,anger
clip_004950,neutral
clip_004951,happy
clip_004952,fear
clip_004953,disgust
clip_004954,happy
clip_004955,fear
clip_004956,neutral
clip_004958,fear
clip_004959,disgust
clip_004961,anger
clip_004962,neutral
clip_004963,disgust
clip_004965,anger
clip_004966,fear
clip_004967,disgust
clip_004968,sad
clip_004970,anger
clip_004972,neutral
clip_004974,sad
clip_004975,fear
clip_004976,sad
clip_004977,neutral
clip_004978,anger
clip_004979,disgust
clip_004980,disgust
clip_004982,fear
clip_004983,sad
clip_004984,happy
clip_004985,neutral
clip_004986,anger
clip_004987,sad
clip_004990,fear
clip_004992,fear
clip_004993,happy
clip_004995,sad
clip_004996,happy
clip_004997,neutral
clip_004998,fear
clip_004999,anger
clip_005000,disgust
clip_005001,fear
clip_005002,neutral
clip_005003,anger
clip_005004,disgust
clip_005005,fear
clip_005007,fear
clip_005012,anger
clip_005013,neutral
clip_005014,anger
clip_005015,happy
clip_005016,happy
clip_005018,fear
clip_005019,sad
clip_005020,sad
clip_005021,disgust
clip_005022,happy
clip_005025,fear
clip_005026,fear
clip_005027,disgust
clip_005028,sad
clip_005030,disgust
clip_005031,neutral
clip_005032,disgust
clip_005033,anger
clip_005034,happy
clip_005035,neutral
clip_005036,neutral
clip_005040,neutral
clip_005041,fear
clip_005042,anger
clip_005043,anger
clip_005044,anger
clip_005046,disgust
clip_005047,fear
clip_005048,fear
clip_005049,sad
clip_005050,happy
clip_005051,neutral
clip_005052,sad
clip_005054,sad
clip_005056,sad
clip_005057,happy
clip_005059,disgust
clip_005061,fear
clip_005062,anger
clip_005063,fear
clip_005064,disgust
clip_005067,fear
clip_005068,neutral
clip_005069,sad
clip_005071,disgust
clip_005074,disgust
clip_005075,fear
clip_005076,disgust
clip_005077,sad
clip_005079,sad
clip_005080,fear
clip_005081,fear
clip_005082,anger
clip_005083,fear
clip_005084,disgust
clip_005090,sad
clip_005091,disgust
clip_005092,fear
clip_005094,fear
clip_005095,happy
clip_005096,happy
clip_005097,neutral
clip_005098,fear
clip_005099,happy
clip_005100,disgust
clip_005101,fear
clip_005102,fear
clip_005104,sad
clip_005106,sad
clip_005107,happy
clip_005109,disgust
clip_005110,disgust
clip_005111,happy
clip_005112,fear
clip_005113,disgust
clip_005116,anger
clip_005117,fear
clip_005118,happy
clip_005119,sad
clip_005120,sad
clip_005125,fear
clip_005126,fear
clip_005127,happy
clip_005129,anger
clip_005131,fear
clip_005132,disgust
clip_005133,disgust
clip_005134,fear
clip_005135,neutral
clip_005137,fear
clip_005138,fear
clip_005139,happy
clip_005140,fear
clip_005141,neutral
clip_005142,fear
clip_005143,neutral
clip_005144,anger
clip_005146,neutral
clip_005147,disgust
clip_005148,happy
clip_005149,disgust
clip_005150,fear
clip_005151,sad
clip_005152,sad
clip_005153,anger
clip_005154,fear
clip_005155,anger
clip_005156,anger
clip_005157,disgust
clip_005158,happy
clip_005159,happy
clip_005160,happy
clip_005161,fear
clip_005162,neutral
clip_005163,disgust
clip_005164,neutral
clip_005165,happy
clip_005166,disgust
clip_005168,sad
clip_005169,happy
clip_005170,anger
clip_005171,happy
clip_005174,fear
clip_005175,sad
clip_005177,sad
clip_005179,anger
clip_005182,fear
clip_005184,fear
clip_005186,fear
clip_005188,anger
clip_005189,neutral
clip_005190,disgust
clip_005191,anger
clip_005192,happy
clip_005193,anger
clip_005194,happy
clip_005195,happy
clip_005196,neutral
clip_005198,neutral
clip_005199,neutral
clip_005200,fear
clip_005202,neutral
clip_005203,sad
clip_005204,neutral
clip_005205,happy
clip_005206,neutral
clip_005207,fear
clip_005208,happy
clip_005210,disgust
clip_005211,fear
clip_005212,happy
clip_005213,fear
clip_005214,fear
clip_005215,anger
clip_005216,anger
clip_005217,anger
clip_005220,happy
clip_005221,sad
clip_005222,neutral
clip_005223,fear
clip_005224,fear
clip_005225,anger
clip_005226,fear
clip_005227,disgust
clip_005228,fear
clip_005229,fear
clip_005230,anger
clip_005231,fear
clip_005232,happy
clip_005233,happy
clip_005238,happy
clip_005239,fear
clip_005240,fear
clip_005241,happy
clip_005242,happy
clip_005244,fear
clip_005245,fear
clip_005246,disgust
clip_005247,sad
clip_005248,anger
clip_005249,disgust
clip_005251,disgust
clip_005253,anger
clip_005254,anger
clip_005256,sad
clip_005257,happy
clip_005258,neutral
clip_005261,anger
clip_005262,fear
clip_005264,sad
clip_005266,neutral
clip_005267,disgust
clip_005268,neutral
clip_005269,anger
clip_005270,fear
clip_005271,neutral
clip_005272,anger
clip_005273,fear
clip_005274,disgust
clip_005275,anger
clip_005276,sad
clip_005277,fear
clip_005278,happy
clip_005279,happy
clip_005280,disgust
clip_005281,fear
clip_005282,anger
clip_005283,sad
clip_005284,disgust
clip_005285,disgust
clip_005286,happy
clip_005288,neutral
clip_005291,happy
clip_005292,neutral
clip_005293,neutral
clip_005294,fear
clip_005295,anger
clip_005296,happy
clip_005297,neutral
clip_005299,sad
clip_005300,happy
clip_005301,anger
clip_005302,sad
clip_005303,disgust
clip_005304,disgust
clip_005305,happy
clip_005306,neutral
clip_005307,anger
clip_005308,anger
clip_005309,anger
clip_005311,happy
clip_005312,fear
clip_005313,happy
clip_005315,neutral
clip_005316,happy
clip_005318,anger
clip_005320,fear
clip_005321,happy
clip_005322,disgust
clip_005323,sad
clip_005324,fear
clip_005325,anger
clip_005326,fear
clip_005327,anger
clip_005330,neutral
clip_005333,fear
clip_005334,neutral
clip_005335,sad
clip_005337,fear
clip_005338,anger
clip_005339,anger
clip_005340,fear
clip_005341,anger
clip_005343,disgust
clip_005344,fear
clip_005345,happy
clip_005346,happy
clip_005347,happy
clip_005348,happy
clip_005349,disgust
clip_005350,neutral
clip_005351,anger
clip_005352,sad
clip_005353,fear
clip_005354,disgust
clip_005355,fear
clip_005356,anger
clip_005358,happy
clip_005359,anger
clip_005360,disgust
clip_005361,happy
clip_005362,happy
clip_005364,fear
clip_005365,neutral
clip_005366,fear
clip_005367,fear
clip_005369,sad
clip_005370,happy
clip_005374,sad
clip_005376,anger
clip_005377,neutral
clip_005378,happy
clip_005379,disgust
clip_005380,disgust
clip_005382,neutral
clip_005383,anger
clip_005384,neutral
clip_005386,neutral
clip_005389,disgust
clip_005391,sad
clip_005392,happy
clip_005394,sad
clip_005396,anger
clip_005397,happy
clip_005398,fear
clip_005399,happy
clip_005400,anger
clip_005401,sad
clip_005403,anger
clip_005404,anger
clip_005405,happy
clip_005406,disgust
clip_005407,fear
clip_005409,neutral
clip_005411,neutral
clip_005412,sad
clip_005413,neutral
clip_005416,anger
clip_005418,disgust
clip_005419,anger
clip_005420,sad
clip_005421,happy
clip_005422,disgust
clip_005423,disgust
clip_005424,anger
clip_005426,sad
clip_005427,anger
clip_005428,neutral
clip_005429,neutral
clip_005430,happy
clip_005432,happy
clip_005433,disgust
clip_005434,neutral
clip_005435,neutral
clip_005436,disgust
clip_005437,disgust
clip_005438,happy
clip_005439,fear
clip_005440,anger
clip_005441,sad
clip_005442,anger
clip_005443,fear
clip_005447,neutral
clip_005448,anger
clip_005449,anger
clip_005450,anger
clip_005451,happy
clip_005452,neutral
clip_005453,happy
clip_005455,fear
clip_005456,happy
clip_005457,disgust
clip_005458,anger
clip_005459,fear
clip_005461,anger
clip_005462,disgust
clip_005464,anger
clip_005465,neutral
clip_005466,fear
clip_005468,anger
clip_005470,disgust
clip_005471,fear
clip_005472,anger
clip_005473,anger
clip_005474,happy
clip_005475,neutral
clip_005476,disgust
clip_005478,happy
clip_005479,happy
clip_005480,anger
clip_005482,sad
clip_005483,happy
clip_005484,neutral
clip_005485,neutral
clip_005487,neutral
clip_005488,happy
clip_005489,fear
clip_005490,fear
clip_005491,happy
clip_005493,anger
clip_005494,happy
clip_005497,neutral
clip_005498,anger
clip_005499,disgust
clip_005500,anger
clip_005501,happy
clip_005502,sad
clip_005504,disgust
clip_005505,happy
clip_005506,happy
clip_005507,anger
clip_005508,fear
clip_005510,fear
clip_005511,fear
clip_005515,anger
clip_005517,fear
clip_005518,sad
clip_005519,happy
clip_005520,disgust
clip_005521,neutral
clip_005522,fear
clip_005523,anger
clip_005524,fear
clip_005525,fear
clip_005530,happy
clip_005531,anger
clip_005532,sad
clip_005533,happy
clip_005534,anger
clip_005539,disgust
clip_005540,happy
clip_005541,anger
clip_005542,neutral
clip_005543,sad
clip_005544,happy
clip_005545,disgust
clip_005546,anger
clip_005547,happy
clip_005549,sad
clip_005550,disgust
clip_005551,fear
clip_005552,anger
clip_005553,sad
clip_005554,sad
clip_005555,fear
clip_005556,anger
clip_005558,sad
clip_005559,neutral
clip_005561,disgust
clip_005562,anger
clip_005564,neutral
clip_005565,fear
clip_005566,happy
clip_005568,fear
clip_005573,anger
clip_005574,fear
clip_005575,sad
clip_005576,anger
clip_005577,anger
clip_005579,sad
clip_005580,disgust
clip_005581,happy
clip_005582,sad
clip_005584,neutral
clip_005585,fear
clip_005586,happy
clip_005587,anger
clip_005588,sad
clip_005589,happy
clip_005592,happy
clip_005593,sad
clip_005594,anger
clip_005595,anger
clip_005597,neutral
clip_005598,fear
clip_005599,happy
clip_005600,anger
clip_005601,disgust
clip_005602,disgust
clip_005603,anger
clip_005605,happy
clip_005608,fear
clip_005611,disgust
clip_005613,neutral
clip_005617,neutral
clip_005618,fear
clip_005619,fear
clip_005620,fear
clip_005621,fear
clip_005622,anger
clip_005623,happy
clip_005625,happy
clip_005627,fear
clip_005628,happy
clip_005630,neutral
clip_005631,happy
clip_005633,happy
clip_005634,anger
clip_005635,sad
clip_005638,fear
clip_005639,anger
clip_005640,fear
clip_005641,fear
clip_005642,happy
clip_005643,disgust
clip_005644,anger
clip_005645,happy
clip_005646,fear
clip_005648,happy
clip_005649,sad
clip_005650,fear
clip_005651,happy
clip_005652,neutral
clip_005654,neutral
clip_005655,happy
clip_005656,anger
clip_005657,happy
clip_005658,disgust
clip_005660,sad
clip_005661,happy
clip_005662,disgust
clip_005663,sad
clip_005664,fear
clip_005666,happy
clip_005668,sad
clip_005669,happy
clip_005670,sad
clip_005671,anger
clip_005673,fear
clip_005674,fear
clip_005675,fear
clip_005676,neutral
clip_005678,disgust
clip_005679,sad
clip_005680,anger
clip_005682,happy
clip_005684,happy
clip_005685,disgust
clip_005686,disgust
clip_005687,disgust
clip_005688,disgust
clip_005690,happy
clip_005691,disgust
clip_005692,anger
clip_005693,happy
clip_005696,anger
clip_005698,disgust
clip_005699,fear
clip_005701,fear
clip_005702,disgust
clip_005703,anger
clip_005704,disgust
clip_005706,anger
clip_005707,anger
clip_005708,sad
clip_005709,sad
clip_005710,disgust
clip_005711,sad
clip_005712,disgust
clip_005713,happy
clip_005714,neutral
clip_005715,sad
clip_005716,neutral
clip_005717,happy
clip_005718,sad
clip_005719,happy
clip_005721,happy
clip_005723,fear
clip_005724,happy
clip_005725,fear
clip_005726,sad
clip_005727,sad
clip_005729,sad
clip_005730,sad
clip_005731,neutral
clip_005732,sad
clip_005733,anger
clip_005734,anger
clip_005736,sad
clip_005739,neutral
clip_005740,happy
clip_005741,happy
clip_005742,sad
clip_005744,sad
clip_005745,disgust
clip_005746,neutral
clip_005747,disgust
clip_005748,anger
clip_005751,fear
clip_005752,disgust
clip_005753,sad
clip_005754,sad
clip_005755,sad
clip_005757,fear
clip_005759,fear
clip_005760,disgust
clip_005763,anger
clip_005764,happy
clip_005765,fear
clip_005766,anger
clip_005767,happy
clip_005768,happy
clip_005770,fear
clip_005771,neutral
clip_005772,neutral
clip_005774,neutral
clip_005775,happy
clip_005776,anger
clip_005777,anger
clip_005778,neutral
clip_005780,disgust
clip_005781,sad
clip_005782,disgust
clip_005783,sad
clip_005784,happy
clip_005785,anger
clip_005786,sad
clip_005787,sad
clip_005790,fear
clip_005791,disgust
clip_005792,happy
clip_005793,sad
clip_005794,anger
clip_005795,happy
clip_005796,sad
clip_005797,happy
clip_005798,sad
clip_005799,neutral
clip_005800,sad
clip_005801,neutral
clip_005803,happy
clip_005804,happy
clip_005805,sad
clip_005807,anger
clip_005809,anger
clip_005811,sad
clip_005812,fear
clip_005814,happy
clip_005815,sad
clip_005816,happy
clip_005817,anger
clip_005820,disgust
clip_005822,disgust
clip_005824,sad
clip_005825,disgust
clip_005826,anger
clip_005828,fear
clip_005829,sad
clip_005831,disgust
clip_005833,fear
clip_005834,sad
clip_005835,disgust
clip_005836,disgust
clip_005838,neutral
clip_005839,sad
clip_005840,anger
clip_005842,disgust
clip_005843,anger
clip_005844,anger
clip_005845,fear
clip_005847,sad
clip_005848,disgust
clip_005850,fear
clip_005851,happy
clip_005852,fear
clip_005853,disgust
clip_005854,sad
clip_005856,disgust
clip_005857,anger
clip_005858,happy
clip_005861,sad
clip_005862,happy
clip_005864,happy
clip_005865,anger
clip_005867,disgust
clip_005868,anger
clip_005869,fear
clip_005870,happy
clip_005871,fear
clip_005872,anger
clip_005873,neutral
clip_005874,happy
clip_005875,disgust
clip_005876,disgust
clip_005877,sad
clip_005878,happy
clip_005879,happy
clip_005881,happy
clip_005882,anger
clip_005883,fear
clip_005885,sad
clip_005886,happy
clip_005888,sad
clip_005889,disgust
clip_005890,anger
clip_005893,disgust
clip_005894,fear
clip_005895,fear
clip_005896,fear
clip_005897,neutral
clip_005899,sad
clip_005901,fear
clip_005902,fear
clip_005904,anger
clip_005905,neutral
clip_005906,happy
clip_005907,disgust
clip_005908,happy
clip_005909,disgust
clip_005911,anger
clip_005912,sad
clip_005913,happy
clip_005914,anger
clip_005915,anger
clip_005916,anger
clip_005917,anger
clip_005918,neutral
clip_005919,neutral
clip_005920,fear
clip_005921,sad
clip_005922,anger
clip_005924,sad
clip_005926,sad
clip_005928,fear
clip_005929,sad
clip_005930,sad
clip_005931,sad
clip_005932,happy
clip_005933,happy
clip_005935,happy
clip_005939,fear
clip_005940,sad
clip_005941,fear
clip_005942,fear
clip_005943,sad
clip_005944,neutral
clip_005945,neutral
clip_005947,anger
clip_005948,anger
clip_005949,happy
clip_005950,happy
clip_005951,happy
clip_005952,anger
clip_005954,neutral
clip_005955,neutral
clip_005956,sad
clip_005957,disgust
clip_005958,happy
clip_005959,neutral
clip_005961,sad
clip_005962,disgust
clip_005963,neutral
clip_005964,anger
clip_005966,disgust
clip_005967,anger
clip_005968,fear
clip_005969,disgust
clip_005971,happy
clip_005972,sad
clip_005973,fear
clip_005974,happy
clip_005976,happy
clip_005977,happy
clip_005978,happy
clip_005979,fear
clip_005980,happy
clip_005983,disgust
clip_005984,neutral
clip_005985,neutral
clip_005986,fear
clip_005988,happy
clip_005989,fear
clip_005990,fear
clip_005991,sad
clip_005992,fear
clip_005993,disgust
clip_005994,disgust
clip_005997,anger
clip_005998,disgust
clip_006000,sad
clip_006001,sad
clip_006002,sad
clip_006003,happy
clip_006004,anger
clip_006005,happy
clip_006006,neutral
clip_006007,neutral
clip_006008,fear
clip_006009,disgust
clip_006010,neutral
clip_006011,anger
clip_006012,neutral
clip_006013,fear
clip_006014,anger
clip_006015,sad
clip_006017,happy
clip_006018,happy
clip_006019,sad
clip_006020,anger
clip_006022,fear
clip_006025,disgust
clip_006026,fear
clip_006027,happy
clip_006028,happy
clip_006029,fear
clip_006030,anger
clip_006031,anger
clip_006032,anger
clip_006033,sad
clip_006035,happy
clip_006036,fear
clip_006037,fear
clip_006039,happy
clip_006040,neutral
clip_006041,anger
clip_006042,happy
clip_006043,neutral
clip_006047,fear
clip_006048,neutral
clip_006050,disgust
clip_006051,fear
clip_006052,fear
clip_006053,neutral
clip_006054,sad
clip_006055,anger
clip_006056,neutral
clip_006057,happy
clip_006058,disgust
clip_006059,sad
clip_006060,fear
clip_006061,anger
clip_006062,neutral
clip_006063,sad
clip_006066,anger
clip_006067,sad
clip_006068,anger
clip_006070,neutral
clip_006071,anger
clip_006072,disgust
clip_006073,sad
clip_006074,anger
clip_006076,sad
clip_006077,neutral
clip_006078,anger
clip_006079,happy
clip_006082,anger
clip_006083,disgust
clip_006084,neutral
clip_006085,anger
clip_006086,disgust
clip_006087,anger
clip_006088,sad
clip_006089,disgust
clip_006091,happy
clip_006093,neutral
clip_006094,sad
clip_006095,disgust
clip_006096,sad
clip_006097,sad
clip_006100,anger
clip_006101,sad
clip_006102,neutral
clip_006103,sad
clip_006104,happy
clip_006105,anger
clip_006106,fear
clip_006108,sad
clip_006109,fear
clip_006110,disgust
clip_006111,anger
clip_006112,sad
clip_006117,sad
clip_006119,sad
clip_006120,fear
clip_006121,fear
clip_006122,disgust
clip_006123,fear
clip_006125,sad
clip_006126,disgust
clip_006127,fear
clip_006128,neutral
clip_006129,fear
clip_006131,happy
clip_006132,sad
clip_006133,neutral
clip_006134,fear
clip_006136,happy
clip_006137,sad
clip_006138,sad
clip_006140,disgust
clip_006141,fear
clip_006142,neutral
clip_006143,anger
clip_006144,anger
clip_006146,disgust
clip_006147,happy
clip_006148,anger
clip_006150,happy
clip_006151,sad
clip_006152,happy
clip_006153,happy
clip_006154,neutral
clip_006155,happy
clip_006156,sad
clip_006158,neutral
clip_006160,anger
clip_006162,sad
clip_006165,sad
clip_006166,disgust
clip_006167,fear
clip_006168,happy
clip_006169,fear
clip_006170,neutral
clip_006171,happy
clip_006172,neutral
clip_006173,sad
clip_006174,sad
clip_006175,fear
clip_006176,anger
clip_006177,fear
clip_006178,neutral
clip_006179,disgust
clip_006180,happy
clip_006181,disgust
clip_006184,disgust
clip_006186,sad
clip_006187,happy
clip_006189,neutral
clip_006190,sad
clip_006191,happy
clip_006192,sad
clip_006193,disgust
clip_006194,happy
clip_006195,sad
clip_006196,neutral
clip_006197,happy
clip_006198,sad
clip_006200,sad
clip_006201,neutral
clip_006202,happy
clip_006203,happy
clip_006204,fear
clip_006205,anger
clip_006206,happy
clip_006207,sad
clip_006208,happy
clip_006209,happy
clip_006210,happy
clip_006211,sad
clip_006212,disgust
clip_006215,happy
clip_006219,sad
clip_006220,fear
clip_006221,fear
clip_006223,disgust
clip_006225,disgust
clip_006226,anger
clip_006227,anger
clip_006228,happy
clip_006229,disgust
clip_006230,disgust
clip_006231,happy
clip_006232,disgust
clip_006233,happy
clip_006234,neutral
clip_006235,neutral
clip_006236,disgust
clip_006237,happy
clip_006238,sad
clip_006239,fear
clip_006240,sad
clip_006241,neutral
clip_006243,anger
clip_006245,anger
clip_006246,fear
clip_006247,sad
clip_006249,fear
clip_006250,disgust
clip_006251,sad
clip_006253,disgust
clip_006254,anger
clip_006255,disgust
clip_006257,anger
clip_006258,disgust
clip_006260,fear
clip_006261,happy
clip_006262,sad
clip_006263,happy
clip_006264,happy
clip_006266,anger
clip_006267,happy
clip_006268,sad
clip_006269,neutral
clip_006270,fear
clip_006271,happy
clip_006272,disgust
clip_006273,fear
clip_006274,anger
clip_006275,disgust
clip_006276,happy
clip_006278,anger
clip_006279,fear
clip_006280,fear
clip_006281,happy
clip_006282,disgust
clip_006283,disgust
clip_006284,neutral
clip_006285,happy
clip_006286,anger
clip_006287,anger
clip_006288,fear
clip_006289,sad
clip_006290,anger
clip_006291,sad
clip_006292,disgust
clip_006293,sad
clip_006294,fear
clip_006295,happy
clip_006296,neutral
clip_006297,neutral
clip_006298,anger
clip_006299,fear
clip_006300,happy
clip_006301,happy
clip_006302,fear
clip_006303,sad
clip_006304,sad
clip_006306,happy
clip_006310,neutral
clip_006311,disgust
clip_006313,fear
clip_006314,sad
clip_006315,happy
clip_006316,anger
clip_006317,fear
clip_006319,sad
clip_006320,happy
clip_006321,fear
clip_006326,happy
clip_006327,happy
clip_006328,happy
clip_006329,sad
clip_006330,anger
clip_006331,sad
clip_006336,disgust
clip_006337,fear
clip_006338,fear
clip_006339,disgust
clip_006340,anger
clip_006341,fear
clip_006342,fear
clip_006343,disgust
clip_006346,happy
clip_006348,neutral
clip_006351,anger
clip_006352,anger
clip_006353,neutral
clip_006354,anger
clip_006356,anger
clip_006358,disgust
clip_006359,fear
clip_006360,happy
clip_006361,sad
clip_006362,anger
clip_006363,neutral
clip_006364,sad
clip_006365,fear
clip_006366,anger
clip_006367,happy
clip_006370,anger
clip_006371,disgust
clip_006373,happy
clip_006374,sad
clip_006375,happy
clip_006376,sad
clip_006377,sad
clip_006378,neutral
clip_006379,neutral
clip_006380,anger
clip_006381,disgust
clip_006382,happy
clip_006383,disgust
clip_006384,fear
clip_006386,happy
clip_006387,happy
clip_006388,anger
clip_006389,disgust
clip_006390,happy
clip_006393,disgust
clip_006394,neutral
clip_006395,fear
clip_006396,happy
clip_006398,fear
clip_006399,fear
clip_006400,fear
clip_006401,anger
clip_006402,fear
clip_006403,happy
clip_006404,disgust
clip_006405,sad
clip_006406,happy
clip_006407,anger
clip_006408,disgust
clip_006409,happy
clip_006411,fear
clip_006412,disgust
clip_006414,disgust
clip_006416,neutral
clip_006417,sad
clip_006418,sad
clip_006419,anger
clip_006420,disgust
clip_006421,fear
clip_006422,disgust
clip_006423,anger
clip_006424,sad
clip_006425,disgust
clip_006427,neutral
clip_006428,sad
clip_006429,disgust
clip_006432,neutral
clip_006434,happy
clip_006435,disgust
clip_006436,sad
clip_006438,anger
clip_006441,sad
clip_006442,sad
clip_006443,anger
clip_006444,happy
clip_006445,happy
clip_006446,disgust
clip_006447,sad
clip_006449,disgust
clip_006451,fear
clip_006452,anger
clip_006453,disgust
clip_006454,anger
clip_006455,fear
clip_006457,disgust
clip_006458,disgust
clip_006459,fear
clip_006460,sad
clip_006461,happy
clip_006463,sad
clip_006465,sad
clip_006467,fear
clip_006468,fear
clip_006470,disgust
clip_006471,happy
clip_006472,neutral
clip_006474,sad
clip_006475,neutral
clip_006476,disgust
clip_006477,sad
clip_006479,happy
clip_006480,happy
clip_006481,happy
clip_006483,disgust
clip_006484,anger
clip_006486,disgust
clip_006488,happy
clip_006489,neutral
clip_006490,neutral
clip_006491,sad
clip_006493,disgust
clip_006494,disgust
clip_006495,fear
clip_006496,anger
clip_006497,happy
clip_006498,sad
clip_006499,disgust
clip_006501,anger
clip_006502,disgust
clip_006505,sad
clip_006507,sad
clip_006508,sad
clip_006509,anger
clip_006510,happy
clip_006511,fear
clip_006513,disgust
clip_006514,fear
clip_006515,sad
clip_006516,sad
clip_006517,anger
clip_006518,fear
clip_006519,fear
clip_006520,neutral
clip_006521,happy
clip_006522,disgust
clip_006523,neutral
clip_006525,neutral
clip_006526,neutral
clip_006527,happy
clip_006528,neutral
clip_006529,disgust
clip_006530,anger
clip_006531,happy
clip_006532,happy
clip_006533,neutral
clip_006534,happy
clip_006535,fear
clip_006536,disgust
clip_006537,happy
clip_006538,fear
clip_006539,happy
clip_006540,disgust
clip_006541,happy
clip_006542,anger
clip_006543,disgust
clip_006544,sad
clip_006545,sad
clip_006546,neutral
clip_006547,anger
clip_006548,disgust
clip_006549,sad
clip_006550,sad
clip_006551,sad
clip_006552,fear
clip_006553,neutral
clip_006554,disgust
clip_006555,disgust
clip_006556,anger
clip_006557,happy
clip_006558,disgust
clip_006559,disgust
clip_006560,fear
clip_006561,fear
clip_006562,disgust
clip_006563,fear
clip_006564,neutral
clip_006566,fear
clip_006567,sad
clip_006568,neutral
clip_006570,disgust
clip_006571,fear
clip_006572,sad
clip_006573,disgust
clip_006574,disgust
clip_006575,disgust
clip_006576,happy
clip_006577,disgust
clip_006579,anger
clip_006580,neutral
clip_006581,fear
clip_006582,disgust
clip_006583,disgust
clip_006586,disgust
clip_006588,disgust
clip_006589,sad
clip_006591,happy
clip_006592,happy
clip_006593,sad
clip_006594,disgust
clip_006595,fear
clip_006596,anger
clip_006597,anger
clip_006598,disgust
clip_006599,neutral
clip_006600,disgust
clip_006602,disgust
clip_006603,neutral
clip_006604,neutral
clip_006605,fear
clip_006607,neutral
clip_006608,fear
clip_006609,fear
clip_006612,happy
clip_006615,happy
clip_006617,sad
clip_006618,sad
clip_006621,sad
clip_006622,fear
clip_006625,sad
clip_006626,sad
clip_006627,neutral
clip_006628,happy
clip_006629,sad
clip_006632,anger
clip_006633,fear
clip_006634,sad
clip_006635,disgust
clip_006636,happy
clip_006637,anger
clip_006638,disgust
clip_006640,neutral
clip_006642,anger
clip_006644,sad
clip_006645,happy
clip_006646,disgust
clip_006647,neutral
clip_006648,happy
clip_006649,fear
clip_006651,sad
clip_006652,disgust
clip_006653,fear
clip_006654,sad
clip_006655,disgust
clip_006656,happy
clip_006657,sad
clip_006658,disgust
clip_006661,anger
clip_006662,disgust
clip_006663,neutral
clip_006664,neutral
clip_006665,fear
clip_006666,disgust
clip_006669,disgust
clip_006672,anger
clip_006673,disgust
clip_006674,sad
clip_006675,fear
clip_006676,fear
clip_006677,sad
clip_006678,happy
clip_006679,happy
clip_006681,fear
clip_006682,sad
clip_006683,happy
clip_006685,sad
clip_006686,disgust
clip_006687,anger
clip_006688,sad
clip_006689,disgust
clip_006690,anger
clip_006691,anger
clip_006692,fear
clip_006694,fear
clip_006696,fear
clip_006697,disgust
clip_006698,anger
clip_006699,anger
clip_006700,fear
clip_006701,happy
clip_006702,sad
clip_006703,neutral
clip_006704,sad
clip_006705,anger
clip_006706,happy
clip_006710,anger
clip_006711,sad
clip_006712,happy
clip_006713,anger
clip_006714,disgust
clip_006715,sad
clip_006716,anger
clip_006719,happy
clip_006720,anger
clip_006721,fear
clip_006722,happy
clip_006724,disgust
clip_006725,neutral
clip_006728,happy
clip_006729,sad
clip_006730,anger
clip_006732,happy
clip_006734,fear
clip_006736,sad
clip_006737,fear
clip_006738,neutral
clip_006739,anger
clip_006741,sad
clip_006742,anger
clip_006744,neutral
clip_006745,disgust
clip_006746,neutral
clip_006747,anger
clip_006748,disgust
clip_006749,fear
clip_006750,fear
clip_006751,neutral
clip_006752,anger
clip_006753,sad
clip_006754,disgust
clip_006755,sad
clip_006756,neutral
clip_006757,happy
clip_006758,sad
clip_006759,disgust
clip_006760,happy
clip_006763,happy
clip_006764,happy
clip_006765,sad
clip_006766,happy
clip_006767,fear
clip_006768,disgust
clip_006770,neutral
clip_006771,neutral
clip_006773,happy
clip_006774,disgust
clip_006775,anger
clip_006777,sad
clip_006778,anger
clip_006779,neutral
clip_006780,sad
clip_006782,happy
clip_006785,disgust
clip_006786,fear
clip_006787,neutral
clip_006789,sad
clip_006790,happy
clip_006793,fear
clip_006794,neutral
clip_006795,neutral
clip_006796,anger
clip_006797,anger
clip_006798,sad
clip_006799,disgust
clip_006800,sad
clip_006801,anger
clip_006803,anger
clip_006805,sad
clip_006806,neutral
clip_006808,disgust
clip_006810,fear
clip_006811,anger
clip_006812,happy
clip_006813,anger
clip_006814,disgust
clip_006815,happy
clip_006816,sad
clip_006818,disgust
clip_006819,disgust
clip_006821,sad
clip_006822,neutral
clip_006823,fear
clip_006824,neutral
clip_006826,disgust
clip_006827,anger
clip_006828,sad
clip_006830,sad
clip_006831,anger
clip_006832,anger
clip_006833,fear
clip_006834,neutral
clip_006835,happy
clip_006836,neutral
clip_006837,disgust
clip_006838,disgust
clip_006840,disgust
clip_006842,sad
clip_006843,neutral
clip_006844,happy
clip_006845,fear
clip_006846,sad
clip_006847,happy
clip_006849,happy
clip_006850,fear
clip_006851,happy
clip_006852,neutral
clip_006855,anger
clip_006856,neutral
clip_006857,fear
clip_006858,fear
clip_006859,neutral
clip_006861,fear
clip_006862,anger
clip_006865,disgust
clip_006866,anger
clip_006867,anger
clip_006869,sad
clip_006871,sad
clip_006872,anger
clip_006875,happy
clip_006876,anger
clip_006877,anger
clip_006878,neutral
clip_006879,disgust
clip_006880,happy
clip_006883,disgust
clip_006884,disgust
clip_006885,neutral
clip_006886,anger
clip_006887,neutral
clip_006888,neutral
clip_006889,sad
clip_006892,happy
clip_006893,disgust
clip_006894,anger
clip_006895,happy
clip_006896,sad
clip_006897,anger
clip_006899,happy
clip_006900,disgust
clip_006902,fear
clip_006903,neutral
clip_006904,sad
clip_006905,disgust
clip_006907,happy
clip_006908,neutral
clip_006909,disgust
clip_006910,fear
clip_006911,neutral
clip_006912,neutral
clip_006913,happy
clip_006914,fear
clip_006915,happy
clip_006916,sad
clip_006917,sad
clip_006918,neutral
clip_006919,neutral
clip_006920,sad
clip_006921,neutral
clip_006922,fear
clip_006926,happy
clip_006928,neutral
clip_006929,sad
clip_006930,neutral
clip_006931,anger
clip_006934,disgust
clip_006936,sad
clip_006937,fear
clip_006939,disgust
clip_006941,disgust
clip_006942,disgust
clip_006943,anger
clip_006944,sad
clip_006945,sad
clip_006946,anger
clip_006947,anger
clip_006948,anger
clip_006949,happy
clip_006951,disgust
clip_006952,anger
clip_006953,fear
clip_006954,neutral
clip_006955,sad
clip_006956,fear
clip_006958,anger
clip_006959,happy
clip_006960,neutral
clip_006961,happy
clip_006962,neutral
clip_006963,sad
clip_006966,neutral
clip_006967,sad
clip_006968,anger
clip_006969,happy
clip_006970,neutral
clip_006971,sad
clip_006972,fear
clip_006974,disgust
clip_006975,anger
clip_006976,anger
clip_006979,anger
clip_006980,disgust
clip_006981,neutral
clip_006982,anger
clip_006984,anger
clip_006985,anger
clip_006986,anger
clip_006987,happy
clip_006988,fear
clip_006989,sad
clip_006990,sad
clip_006991,happy
clip_006992,anger
clip_006996,fear
clip_006998,fear
clip_006999,disgust
clip_007000,disgust
clip_007001,sad
clip_007002,neutral
clip_007004,neutral
clip_007005,sad
clip_007006,sad
clip_007008,neutral
clip_007009,neutral
clip_007011,happy
clip_007014,disgust
clip_007016,happy
clip_007019,disgust
clip_007020,neutral
clip_007021,happy
clip_007023,sad
clip_007024,sad
clip_007025,happy
clip_007026,anger
clip_007027,anger
clip_007028,neutral
clip_007029,happy
clip_007030,anger
clip_007031,fear
clip_007033,neutral
clip_007034,neutral
clip_007035,anger
clip_007037,disgust
clip_007039,disgust
clip_007040,disgust
clip_007041,happy
clip_007042,sad
clip_007043,fear
clip_007044,happy
clip_007045,neutral
clip_007046,sad
clip_007047,neutral
clip_007048,disgust
clip_007049,disgust
clip_007050,fear
clip_007051,happy
clip_007053,anger
clip_007054,disgust
clip_007055,happy
clip_007056,fear
clip_007057,happy
clip_007058,anger
clip_007059,anger
clip_007060,fear
clip_007061,disgust
clip_007063,anger
clip_007066,neutral
clip_007067,happy
clip_007068,happy
clip_007071,neutral
clip_007073,fear
clip_007074,fear
clip_007075,fear
clip_007076,anger
clip_007077,fear
clip_007078,sad
clip_007080,happy
clip_007083,anger
clip_007084,anger
clip_007085,fear
clip_007086,anger
clip_007087,anger
clip_007088,sad
clip_007091,neutral
clip_007092,sad
clip_007094,happy
clip_007095,disgust
clip_007096,anger
clip_007097,sad
clip_007098,fear
clip_007099,disgust
clip_007100,happy
clip_007102,happy
clip_007103,disgust
clip_007106,sad
clip_007107,anger
clip_007109,fear
clip_007110,anger
clip_007111,neutral
clip_007112,sad
clip_007114,happy
clip_007115,neutral
clip_007116,happy
clip_007117,fear
clip_007118,neutral
clip_007119,happy
clip_007120,disgust
clip_007122,neutral
clip_007123,disgust
clip_007124,anger
clip_007127,happy
clip_007129,disgust
clip_007131,fear
clip_007132,neutral
clip_007133,disgust
clip_007134,happy
clip_007136,anger
clip_007138,fear
clip_007141,happy
clip_007142,happy
clip_007143,anger
clip_007146,fear
clip_007147,fear
clip_007148,disgust
clip_007149,disgust
clip_007153,fear
clip_007155,disgust
clip_007156,sad
clip_007157,sad
clip_007159,sad
clip_007160,disgust
clip_007161,anger
clip_007162,neutral
clip_007163,neutral
clip_007164,neutral
clip_007165,disgust
clip_007166,sad
clip_007167,happy
clip_007169,sad
clip_007171,fear
clip_007173,fear
clip_007175,anger
clip_007176,anger
clip_007178,happy
clip_007179,sad
clip_007180,fear
clip_007181,happy
clip_007182,anger
clip_007183,anger
clip_007184,disgust
clip_007186,sad
clip_007187,anger
clip_007188,happy
clip_007189,disgust
clip_007190,happy
clip_007191,neutral
clip_007192,fear
clip_007193,happy
clip_007194,happy
clip_007195,neutral
clip_007197,neutral
clip_007200,disgust
clip_007201,neutral
clip_007202,happy
clip_007205,neutral
clip_007206,anger
clip_007207,fear
clip_007208,sad
clip_007209,happy
clip_007210,fear
clip_007211,fear
clip_007212,fear
clip_007213,disgust
clip_007214,neutral
clip_007215,anger
clip_007216,happy
clip_007217,neutral
clip_007218,fear
clip_007219,disgust
clip_007220,happy
clip_007222,anger
clip_007223,fear
clip_007224,fear
clip_007225,anger
clip_007226,sad
clip_007227,disgust
clip_007228,fear
clip_007230,disgust
clip_007231,anger
clip_007232,fear
clip_007233,fear
clip_007234,sad
clip_007235,sad
clip_007236,fear
clip_007238,neutral
clip_007239,anger
clip_007240,fear
clip_007241,anger
clip_007242,sad
clip_007243,anger
clip_007244,fear
clip_007245,fear
clip_007246,sad
clip_007247,fear
clip_007251,neutral
clip_007252,anger
clip_007254,sad
clip_007256,sad
clip_007257,fear
clip_007258,neutral
clip_007259,anger
clip_007261,anger
clip_007262,anger
clip_007264,fear
clip_007265,sad
clip_007266,neutral
clip_007267,sad
clip_007268,happy
clip_007269,disgust
clip_007271,happy
clip_007272,happy
clip_007273,anger
clip_007274,sad
clip_007275,fear
clip_007276,fear
clip_007277,disgust
clip_007278,sad
clip_007279,sad
clip_007280,happy
clip_007281,fear
clip_007282,anger
clip_007284,happy
clip_007285,neutral
clip_007286,fear
clip_007287,neutral
clip_007288,fear
clip_007289,happy
clip_007290,neutral
clip_007293,happy
clip_007296,disgust
clip_007297,neutral
clip_007298,neutral
clip_007299,happy
clip_007300,fear
clip_007302,fear
clip_007303,disgust
clip_007304,disgust
clip_007306,anger
clip_007307,disgust
clip_007309,disgust
clip_007310,happy
clip_007311,anger
clip_007312,neutral
clip_007313,happy
clip_007314,disgust
clip_007316,neutral
clip_007317,anger
clip_007318,fear
clip_007319,sad
clip_007320,anger
clip_007322,anger
clip_007323,happy
clip_007324,happy
clip_007325,disgust
clip_007327,disgust
clip_007328,anger
clip_007329,happy
clip_007330,anger
clip_007331,fear
clip_007332,anger
clip_007333,neutral
clip_007335,disgust
clip_007336,disgust
clip_007337,disgust
clip_007339,sad
clip_007340,anger
clip_007342,fear
clip_007344,disgust
clip_007346,fear
clip_007347,neutral
clip_007351,sad
clip_007353,happy
clip_007354,happy
clip_007355,anger
clip_007356,fear
clip_007357,anger
clip_007358,fear
clip_007359,neutral
clip_007360,anger
clip_007361,neutral
clip_007362,anger
clip_007363,anger
clip_007365,happy
clip_007366,anger
clip_007367,happy
clip_007368,neutral
clip_007370,happy
clip_007371,happy
clip_007372,disgust
clip_007373,disgust
clip_007374,anger
clip_007375,disgust
clip_007376,anger
clip_007377,happy
clip_007378,disgust
clip_007379,fear
clip_007380,fear
clip_007382,sad
clip_007384,anger
clip_007385,happy
clip_007386,happy
clip_007387,sad
clip_007388,happy
clip_007389,happy
clip_007392,disgust
clip_007393,happy
clip_007394,neutral
clip_007395,neutral
clip_007397,fear
clip_007398,disgust
clip_007399,sad
clip_007400,neutral
clip_007401,sad
clip_007402,neutral
clip_007403,fear
clip_007404,happy
clip_007408,disgust
clip_007409,fear
clip_007411,fear
clip_007413,anger
clip_007414,happy
clip_007417,anger
clip_007419,sad
clip_007420,fear
clip_007422,neutral
clip_007423,anger
clip_007425,neutral
clip_007427,sad
clip_007428,sad
clip_007429,sad
clip_007430,happy
clip_007431,disgust
clip_007433,disgust
clip_007434,fear
clip_007435,disgust
clip_007437,neutral
clip_007438,happy
clip_007439,happy
clip_007440,disgust
