number,value,datetime_start,datetime_complete,duration,params_batch_size,params_class_weighting,params_cnn_channels,params_dropout,params_focal_gamma,params_freq_mask_param,params_hidden_size,params_label_smoothing,params_learning_rate,params_loss_type,params_max_grad_norm,params_min_lr_ratio,params_mixup_alpha,params_mixup_prob,params_num_freq_masks,params_num_layers,params_num_time_masks,params_scheduler_type,params_speed_perturb_max,params_speed_perturb_min,params_speed_perturb_prob,params_time_mask_param,params_warmup_epochs,params_weight_decay,user_attrs_repeat_best_f1s,user_attrs_repeat_best_losses,user_attrs_repeat_mean_f1,user_attrs_repeat_robust_score,user_attrs_repeat_std_f1,state
0,0.6591563655724108,2026-05-03 05:31:27.998274,2026-05-03 05:36:11.429828,0 days 00:04:43.431554,64,True,64,0.47701814444901136,,8,192,0.13699098521619943,0.0006097839109531517,ce,0.7092407909780627,0.20296322368059488,0.21685785941408728,0.2465447373174767,3,2,3,warmup_invsqrt,1.1,0.9,0.13682099526511077,20,4,5.394455304087541e-05,[0.6591563655724108],[1.210136693587406],0.6591563655724108,0.6591563655724108,0.0,COMPLETE
1,,2026-05-03 05:36:11.551695,2026-05-03 05:37:04.433320,0 days 00:00:52.881625,64,True,80,0.32379422752781756,1.9675666141341164,6,192,0.09274563216630258,0.00011097554561103102,focal,1.3968499682166278,0.2737068376069122,0.4687496940092467,0.1353970008207678,2,1,1,warmup_invsqrt,1.1,0.9,0.058794858725743554,36,8,1.1626378306531551e-05,,,,,,FAIL
2,0.651354805683972,2026-05-03 05:37:12.292330,2026-05-03 05:41:54.600564,0 days 00:04:42.308234,64,True,64,0.47701814444901136,,8,192,0.13699098521619943,0.0006097839109531517,ce,0.7092407909780627,0.20296322368059488,0.21685785941408728,0.2465447373174767,3,2,3,warmup_invsqrt,1.1,0.9,0.13682099526511077,20,4,5.394455304087541e-05,[0.651354805683972],[1.2226235797936968],0.651354805683972,0.651354805683972,0.0,COMPLETE
3,0.5863104160570766,2026-05-03 05:41:54.719237,2026-05-03 05:46:18.015844,0 days 00:04:23.296607,64,True,80,0.32379422752781756,1.9675666141341164,6,192,0.09274563216630258,0.00011097554561103102,focal,1.3968499682166278,0.2737068376069122,0.4687496940092467,0.1353970008207678,2,1,1,warmup_invsqrt,1.1,0.9,0.058794858725743554,36,8,1.1626378306531551e-05,[0.5863104160570766],[0.6754768789529229],0.5863104160570766,0.5863104160570766,0.0,COMPLETE
4,0.624825670208277,2026-05-03 05:46:18.127646,2026-05-03 05:50:47.042281,0 days 00:04:28.914635,32,False,80,0.47671433596190427,1.6738035892876946,10,256,0.11712703466859459,0.0005167075260023275,focal,1.4563362070328196,0.232401544584516,0.4548850970305306,0.28888597006477973,3,3,4,plateau,1.1,0.9,0.035878273781490506,32,4,0.0007360091638366148,[0.624825670208277],[0.6902189782197526],0.624825670208277,0.624825670208277,0.0,COMPLETE
5,0.5235994668268074,2026-05-03 05:50:47.153295,2026-05-03 05:55:05.498017,0 days 00:04:18.344722,64,False,64,0.3888877846357622,,8,192,0.02615839278630344,0.00012884035848463504,ce,1.3090133628734761,0.27313974962249443,0.422976062065625,0.45843651996939727,1,1,3,warmup_invsqrt,1.1,0.9,0.09540104249155916,40,3,2.7253576171305756e-05,[0.5235994668268074],[1.2727232096578291],0.5235994668268074,0.5235994668268074,0.0,COMPLETE
6,0.35916934978415543,2026-05-03 05:55:05.602197,2026-05-03 05:55:30.788875,0 days 00:00:25.186678,64,False,48,0.5429455206802403,,12,256,0.06517822958253641,0.00017460443532333516,ce,0.8593428360004587,0.2770664714916634,0.15795794883648925,0.2957811041110252,3,2,2,plateau,1.1,0.9,0.2956951362331802,40,3,0.0017412787871290505,,,,,,PRUNED
7,0.666852269509431,2026-05-03 05:55:30.886945,2026-05-03 05:58:52.038310,0 days 00:03:21.151365,32,False,48,0.20414695723196405,,10,192,0.03811966201583504,0.000359087933424032,ce,1.8160090300714715,0.2811734045696407,0.20317665108606225,0.3639936184136716,3,3,1,plateau,1.1,0.9,0.24516666006036475,40,2,9.431030984067029e-05,[0.666852269509431],[1.0905859032266145],0.666852269509431,0.666852269509431,0.0,COMPLETE
8,0.6270530325123312,2026-05-03 05:58:52.138827,2026-05-03 06:02:01.551866,0 days 00:03:09.413039,32,True,80,0.42463854713176985,1.507592375769328,12,192,0.020735764129330373,0.00045458268795291895,focal,0.9880995472389016,0.10931227187420002,0.3985965620472097,0.35985315961888587,1,1,2,plateau,1.1,0.9,0.2547670231482534,20,6,0.00014259000073698732,[0.6270530325123312],[0.6527740998233823],0.6270530325123312,0.6270530325123312,0.0,COMPLETE
9,0.3438394975916145,2026-05-03 06:02:01.654605,2026-05-03 06:02:27.625842,0 days 00:00:25.971237,64,False,64,0.37019309061021394,2.930892865503881,6,192,0.10454722959071677,0.00020745409176835388,focal,1.7795141832010402,0.2909049942723132,0.2177795568278343,0.2540390914407701,3,3,4,warmup_invsqrt,1.1,0.9,0.25534100145505706,40,8,5.4692231235925465e-05,,,,,,PRUNED
10,0.3310488493092671,2026-05-03 06:02:27.723391,2026-05-03 06:03:09.268098,0 days 00:00:41.544707,32,True,64,0.37339796106612333,2.2670135982914066,14,256,0.12101133946791809,0.000292144704206099,focal,1.063374428959916,0.13449878921288394,0.1375927759363476,0.3313120563984696,2,2,3,warmup_cosine,1.1,0.9,0.010782682139022625,20,8,0.0009899542627616385,,,,,,PRUNED
11,0.6477208214918297,2026-05-03 06:03:09.367066,2026-05-03 06:07:25.983395,0 days 00:04:16.616329,32,False,48,0.3044904689037049,,16,320,0.06239808865407698,0.0008621083988008804,ce,1.9187145799605694,0.05711957278499297,0.3320150460092073,0.49390700555696965,4,3,2,warmup_cosine,1.1,0.9,0.20253186700453746,48,2,0.00021744146672792806,[0.6477208214918297],[1.2888551447317182],0.6477208214918297,0.6477208214918297,0.0,COMPLETE
12,0.3926523826946951,2026-05-03 06:07:26.087451,2026-05-03 06:07:57.423983,0 days 00:00:31.336532,32,True,48,0.4929810030950178,,10,320,0.0654575813130022,0.000346988621376383,ce,0.5383242422158152,0.21145098079640537,0.25638093229196685,0.17317202929318454,4,2,4,plateau,1.1,0.9,0.17510702291073849,28,6,0.00012014311843979998,,,,,,PRUNED
13,0.6515472140538089,2026-05-03 06:07:57.525153,2026-05-03 06:10:54.865257,0 days 00:02:57.340104,32,False,48,0.20627367310914538,,4,192,0.04290008075886986,0.0009542155721709485,ce,1.498584673728871,0.17452694633771249,0.1018960478612359,0.40317843636064027,2,3,1,warmup_invsqrt,1.1,0.9,0.13394815281763028,16,2,2.8950652640956647e-05,[0.6515472140538089],[1.1087979853010292],0.6515472140538089,0.6515472140538089,0.0,COMPLETE
14,0.3592149713622826,2026-05-03 06:10:54.962189,2026-05-03 06:11:19.185438,0 days 00:00:24.223249,64,True,64,0.5232302002744974,,8,192,0.08235297741089986,0.00032146785939629553,ce,1.6844491206497907,0.23147509987125747,0.30684806174238505,0.19790021357715396,4,2,3,plateau,1.1,0.9,0.20308937927469228,48,5,0.0003655252205672666,,,,,,PRUNED
15,0.6632172510959659,2026-05-03 06:11:19.282552,2026-05-03 06:14:36.857102,0 days 00:03:17.574550,64,True,48,0.2062071341012412,,10,192,0.042748814948177886,0.0007396382985156567,ce,1.128105755229308,0.15526319949229803,0.20398969206743092,0.40277518943096224,2,3,1,warmup_cosine,1.1,0.9,0.10410715614135044,28,3,6.248630538864287e-05,[0.6632172510959659],[1.2132500870336447],0.6632172510959659,0.6632172510959659,0.0,COMPLETE
16,0.48742773849404797,2026-05-03 06:14:36.957253,2026-05-03 06:15:23.288972,0 days 00:00:46.331719,32,False,48,0.30801091791737395,,12,320,0.048796388409564205,0.00023196643525095237,ce,1.100267654115198,0.13889126100413612,0.2630617361066807,0.39883503976436663,2,3,2,warmup_cosine,1.1,0.9,0.09127215560355811,28,2,0.00011913552809314298,,,,,,PRUNED
17,0.6745341342849124,2026-05-03 06:15:23.386174,2026-05-03 06:18:01.852596,0 days 00:02:38.466422,64,True,48,0.21251471540938785,,10,192,0.035694411471115496,0.000726512454277353,ce,1.640497905509838,0.16732296250299175,0.16881747986526147,0.4260345463106313,2,3,1,warmup_cosine,1.1,0.9,0.09331384959970355,32,3,2.791415903634122e-05,[0.6745341342849124],[1.0913404077648832],0.6745341342849124,0.6745341342849124,0.0,COMPLETE
18,0.48777556726133364,2026-05-03 06:18:01.954182,2026-05-03 06:18:43.464506,0 days 00:00:41.510324,32,False,48,0.2510660857637191,,10,192,0.03252472723371368,0.0004159988698189926,ce,1.9792815217040298,0.08971645594993555,0.17262552009827856,0.4480396845515318,1,3,1,warmup_cosine,1.1,0.9,0.23326943552717977,32,3,1.1173843800730351e-05,,,,,,PRUNED
19,0.49214490437561076,2026-05-03 06:18:43.567463,2026-05-03 06:19:29.693428,0 days 00:00:46.125965,32,False,48,0.3343749224990295,,14,256,0.05485560180943806,0.0006528628397347459,ce,1.6349683734815608,0.23874602296876965,0.10219642567244393,0.3594141628723901,4,3,2,plateau,1.1,0.9,0.2947993748261999,44,2,0.00040434071231254857,,,,,,PRUNED
20,0.34842793962887975,2026-05-03 06:19:29.792095,2026-05-03 06:19:57.013243,0 days 00:00:27.221148,64,True,48,0.43740321959959594,,14,320,0.07602366896968946,0.0002587465585437731,ce,1.7836341160352354,0.17550057577184058,0.372172614963601,0.44530584852036226,3,3,2,warmup_cosine,1.1,0.9,0.1799191380368904,36,5,0.00022508018364344692,,,,,,PRUNED
21,0.4025991699549994,2026-05-03 06:19:57.140434,2026-05-03 06:20:26.476621,0 days 00:00:29.336187,64,True,48,0.23436644436003068,,6,192,0.03639905206028112,0.000390770178052116,ce,1.6093696648549944,0.1040832823798985,0.2715107692738613,0.3596901815804933,2,3,1,warmup_cosine,1.1,0.9,0.06837394791635283,32,6,2.3888879825564538e-05,,,,,,PRUNED
22,0.670343420077879,2026-05-03 06:20:26.576013,2026-05-03 06:23:04.014599,0 days 00:02:37.438586,64,True,48,0.20166563583172847,,10,192,0.0416160537609131,0.0007635244668116181,ce,1.231810780053671,0.1699959315279057,0.18780245220698563,0.4068802642247304,2,3,1,warmup_cosine,1.1,0.9,0.09705263243578155,24,3,7.964885851805192e-05,[0.670343420077879],[1.0943199726317425],0.670343420077879,0.670343420077879,0.0,COMPLETE
23,0.6680837367182847,2026-05-03 06:23:04.117635,2026-05-03 06:26:33.906995,0 days 00:03:29.789360,64,True,48,0.24489503402306995,,10,192,0.033099127246303525,0.0007806264560104255,ce,1.2617921279786817,0.1776434556753128,0.1865975750564854,0.4158714265068949,2,3,1,warmup_cosine,1.1,0.9,0.10956248855076545,24,3,1.8314869288091946e-05,[0.6680837367182847],[1.2110660239089308],0.6680837367182847,0.6680837367182847,0.0,COMPLETE
24,0.4738259518669699,2026-05-03 06:26:34.010945,2026-05-03 06:27:07.151149,0 days 00:00:33.140204,64,True,48,0.2597693976571276,,10,192,0.030388773317079842,0.0008284223286209447,ce,1.2341072832755393,0.1754166067239517,0.14296880780911184,0.4903656703775231,2,3,1,warmup_cosine,1.1,0.9,0.11389923537939098,24,4,1.7965509743166766e-05,,,,,,PRUNED
25,0.4963488713300066,2026-05-03 06:27:07.254605,2026-05-03 06:27:40.621827,0 days 00:00:33.367222,64,True,48,0.23042448425083095,,10,192,0.051880407078112825,0.0005226007274130995,ce,1.2479049505624382,0.1537709825768468,0.17561234187818797,0.42142786645638375,2,3,1,warmup_cosine,1.1,0.9,0.07302837018962233,24,3,1.692366664907366e-05,,,,,,PRUNED
26,0.6672200206628818,2026-05-03 06:27:40.716508,2026-05-03 06:30:00.873340,0 days 00:02:20.156832,64,True,80,0.2706753982735518,,8,192,0.025963109495514294,0.0007105671368735439,ce,0.9305869646964495,0.1911457887908175,0.24399148291414402,0.43230300310560665,1,1,1,warmup_cosine,1.1,0.9,0.03837425675436559,24,5,3.4113819281573854e-05,[0.6672200206628818],[0.9974713368381528],0.6672200206628818,0.6672200206628818,0.0,COMPLETE
27,0.5486173935567383,2026-05-03 06:30:00.977837,2026-05-03 06:30:55.282471,0 days 00:00:54.304634,64,True,48,0.2294039729106461,2.978665163574606,8,192,0.042708679202389396,0.0008995313199041108,focal,1.362610731014387,0.13074588163358053,0.13584905435062958,0.4732299850279781,2,3,1,warmup_cosine,1.1,0.9,0.16200823484304622,24,3,3.584835708688897e-05,,,,,,PRUNED
28,0.4580726499212617,2026-05-03 06:30:55.379675,2026-05-03 06:31:24.779342,0 days 00:00:29.399667,64,True,48,0.27213360711342505,,10,192,0.021007235334172935,0.0005263731795260392,ce,1.50965484585108,0.15980883375322977,0.3001908750701043,0.3823687708335534,2,3,1,warmup_cosine,1.1,0.9,0.11940257982424952,28,4,1.8954455566250775e-05,,,,,,PRUNED
29,0.4307388286982689,2026-05-03 06:31:24.881530,2026-05-03 06:31:52.301559,0 days 00:00:27.420029,64,True,48,0.32125583680643693,,12,256,0.05431635294412835,0.000979316528209219,ce,1.2327597353664785,0.18192568319316876,0.1905659141827708,0.3332701452984229,2,3,2,warmup_cosine,1.1,0.9,0.07729101950356444,28,7,7.26734948844195e-05,,,,,,PRUNED
30,0.4551234421079926,2026-05-03 06:31:52.399621,2026-05-03 06:32:16.346909,0 days 00:00:23.947288,64,True,80,0.34253701785691354,,12,320,0.05946170797816555,0.000761007510256593,ce,0.8580625605789569,0.2161604632092044,0.11962618691974225,0.31758147514539414,3,1,2,warmup_cosine,1.1,0.9,0.04277070827088504,24,4,7.763251933856707e-05,,,,,,PRUNED
31,0.5133685192373358,2026-05-03 06:32:16.450689,2026-05-03 06:32:49.481666,0 days 00:00:33.030977,64,True,48,0.2870878002512922,,8,192,0.03780185317382979,0.0006457866843831814,ce,1.1399267632484749,0.10995983977409304,0.22375313619505213,0.4222464699952396,1,3,1,warmup_cosine,1.1,0.9,0.007920889534355532,16,3,4.463717591656636e-05,,,,,,PRUNED
32,0.660686165128721,2026-05-03 06:32:49.590849,2026-05-03 06:35:16.016853,0 days 00:02:26.426004,64,True,80,0.24351642628834264,,8,192,0.028292324379096033,0.0007440225603690419,ce,0.964722283443144,0.195858736548892,0.2277053990015378,0.4305276349318435,1,1,1,warmup_cosine,1.1,0.9,0.03220323147464481,24,5,3.846214452271409e-05,[0.660686165128721],[1.0741076280744812],0.660686165128721,0.660686165128721,0.0,COMPLETE
33,0.6760615636736028,2026-05-03 06:35:16.116324,2026-05-03 06:38:15.624404,0 days 00:02:59.508080,64,True,80,0.2207364076733743,,6,192,0.02575799824464036,0.0006071198659602965,ce,0.6742883600758249,0.196620220973635,0.24324685329079893,0.4738536502890335,1,1,1,warmup_cosine,1.1,0.9,0.14890746124755522,20,4,1.4678258143962294e-05,[0.6760615636736028],[1.0651939108217363],0.6760615636736028,0.6760615636736028,0.0,COMPLETE
34,0.4291860161889891,2026-05-03 06:38:15.727714,2026-05-03 06:38:42.393187,0 days 00:00:26.665473,64,True,80,0.21152432031491014,,4,192,0.046922963675294506,0.0005794114296058977,ce,0.6277707525614519,0.25341714981276847,0.17487770324565038,0.46374387166204406,1,1,1,warmup_cosine,1.1,0.9,0.13963329656470047,20,4,1.3577121488086378e-05,,,,,,PRUNED
35,0.6607294671775684,2026-05-03 06:38:42.492352,2026-05-03 06:41:49.347497,0 days 00:03:06.855145,64,True,80,0.22072507547170617,,6,192,0.03550335543677558,0.0005722174167119119,ce,0.7177238146108822,0.20731751050077335,0.28132969574439326,0.4989799257350453,2,1,1,warmup_cosine,1.1,0.9,0.12448477508490405,20,4,2.2285487436614608e-05,[0.6607294671775684],[1.1290367281408333],0.6607294671775684,0.6607294671775684,0.0,COMPLETE
36,0.46313581430090595,2026-05-03 06:41:49.459348,2026-05-03 06:42:15.808846,0 days 00:00:26.349498,64,True,80,0.22251836179560433,2.545738644747745,6,192,0.024719267193850824,0.0006522079227978676,focal,0.7561132059078339,0.16135146199309525,0.49619285277544434,0.39055365894949445,2,1,1,warmup_invsqrt,1.1,0.9,0.14783118733832087,16,3,1.0051441608168645e-05,,,,,,PRUNED
37,0.5477495527366592,2026-05-03 06:42:15.906406,2026-05-03 06:42:55.634175,0 days 00:00:39.727769,64,True,64,0.24414942916384186,,10,192,0.032497461017591676,0.00045240333996719056,ce,0.5002210037115888,0.21986849889309348,0.23718246019817107,0.4734264496529605,1,1,1,warmup_cosine,1.1,0.9,0.0937352151974674,32,3,1.4223830487406019e-05,,,,,,PRUNED
38,0.4860425775534698,2026-05-03 06:42:55.730582,2026-05-03 06:43:24.216039,0 days 00:00:28.485457,64,True,80,0.3116925679776863,,12,192,0.04791802020170882,0.0008228005592208836,ce,1.4098659789261,0.19731328160949346,0.19365337426797874,0.4472674886870687,3,2,4,warmup_cosine,1.1,0.9,0.161728042727556,24,2,6.150066864305918e-05,,,,,,PRUNED
39,0.4595740912732621,2026-05-03 06:43:24.313227,2026-05-03 06:43:51.483576,0 days 00:00:27.170349,64,True,48,0.3110482893171184,2.484320866879835,14,256,0.07140710249424978,0.0004874547214650528,focal,1.5253157412963194,0.14522268534830635,0.1549670082587415,0.3788343393244472,3,3,3,warmup_invsqrt,1.1,0.9,0.05868410318799767,36,4,7.799269062841118e-05,,,,,,PRUNED
40,0.6463066453485347,2026-05-03 06:43:51.582886,2026-05-03 06:46:00.944327,0 days 00:02:09.361441,64,True,80,0.21807381484178062,,4,192,0.040753884859831516,0.0005695103847541919,ce,1.3589822701043546,0.12559314853709203,0.2008774936832386,0.11422588609786014,2,1,1,warmup_cosine,1.1,0.9,0.107146252099514,20,3,1.4274274557907179e-05,[0.6463066453485347],[1.1024156154202613],0.6463066453485347,0.6463066453485347,0.0,COMPLETE
41,0.4010594072240771,2026-05-03 06:46:01.049620,2026-05-03 06:46:27.419153,0 days 00:00:26.369533,64,True,64,0.3232405442455649,,16,192,0.10278343553268396,0.00016427711253799243,ce,0.8047134755309263,0.2500023845423432,0.3418849713594899,0.2708635235196649,3,3,2,warmup_cosine,1.1,0.9,0.0908294030726354,28,4,5.959378101540663e-05,,,,,,PRUNED
42,0.46947044446508357,2026-05-03 06:46:27.524554,2026-05-03 06:46:50.844051,0 days 00:00:23.319497,64,True,80,0.27214311788672213,,8,192,0.025179058924599,0.0007072833768970458,ce,1.0009153549376553,0.16886980921460287,0.22994830955070872,0.4226280365869774,1,1,1,warmup_cosine,1.1,0.9,0.04639453929339822,24,5,3.400495734206307e-05,,,,,,PRUNED
43,0.6558278406019021,2026-05-03 06:46:50.940818,2026-05-03 06:49:37.974609,0 days 00:02:47.033791,64,True,80,0.20046284174944376,,10,192,0.028996909910890944,0.0008030092579714054,ce,0.911191799886052,0.1875998468781409,0.251731627318558,0.4348151920774069,1,1,1,warmup_cosine,1.1,0.9,0.018812908287961394,20,4,2.65942271809443e-05,[0.6558278406019021],[1.113419159710836],0.6558278406019021,0.6558278406019021,0.0,COMPLETE
44,0.46173798132146576,2026-05-03 06:49:38.077150,2026-05-03 06:50:04.663010,0 days 00:00:26.585860,64,True,80,0.2545278939069238,,8,192,0.020555598527659803,0.0006923876140924025,ce,0.6591603333949152,0.1864879068993237,0.2428975435752848,0.46484597585001075,1,1,1,warmup_cosine,1.1,0.9,0.13018376580581575,24,5,2.110063411189658e-05,,,,,,PRUNED
45,0.38349585782474727,2026-05-03 06:50:04.759940,2026-05-03 06:50:28.035828,0 days 00:00:23.275888,64,True,80,0.2695317959696219,,8,192,0.03335998432306006,0.0001040282230981105,ce,0.5982150392834438,0.18674431241714273,0.2822286997097989,0.4141776416715136,1,1,1,warmup_cosine,1.1,0.9,0.057564369315542825,32,6,3.0582711723977415e-05,,,,,,PRUNED
46,0.5089385950782989,2026-05-03 06:50:28.131840,2026-05-03 06:50:57.803766,0 days 00:00:29.671926,64,True,80,0.28793435266161815,1.934473465428852,6,192,0.024990427027777935,0.0009014218113269199,focal,1.2953108114151641,0.19875818691992678,0.20959270781209657,0.33856219181114666,1,1,1,warmup_invsqrt,1.1,0.9,0.08074180088706787,20,4,1.507230467476074e-05,,,,,,PRUNED
47,0.48688251607794475,2026-05-03 06:50:57.909193,2026-05-03 06:51:26.405727,0 days 00:00:28.496534,64,True,48,0.3072564999780557,,8,256,0.04547920959416795,0.0009915937413968838,ce,1.1941572237795752,0.22822666868864003,0.1589453490314593,0.47767185514769883,3,2,3,plateau,1.1,0.9,0.1563001078625727,28,5,5.5958539632998384e-05,,,,,,PRUNED
48,0.4901036360608442,2026-05-03 06:51:26.501542,2026-05-03 06:52:00.466792,0 days 00:00:33.965250,64,True,64,0.3090208350487528,,10,192,0.05087534906706845,0.0006012089362179314,ce,1.0164298853531637,0.14861396284728393,0.18365956560641153,0.4492260963191855,2,3,2,warmup_cosine,1.1,0.9,0.18211286276047753,24,2,5.557841929676286e-05,,,,,,PRUNED
49,0.41806626471572955,2026-05-03 06:52:00.564551,2026-05-03 06:52:25.537269,0 days 00:00:24.972718,64,True,48,0.4190209796753455,,8,320,0.04439435844901806,0.000688679090670534,ce,0.8976451576637696,0.17078278453403353,0.1585660982182473,0.37081401510379397,2,2,4,warmup_cosine,1.1,0.9,0.10339026030126094,28,3,9.413957863703462e-05,,,,,,PRUNED
50,0.4519332935248897,2026-05-03 06:52:25.632533,2026-05-03 06:52:51.950263,0 days 00:00:26.317730,64,False,80,0.34301580961333533,2.695499862229448,12,192,0.05796671863397164,0.0007726641221815486,focal,1.8695388719684158,0.20806610052948726,0.3214101616400068,0.4007454361431705,2,3,2,warmup_cosine,1.1,0.9,0.030261332606286946,44,3,6.848718303929253e-05,,,,,,PRUNED
51,0.5581232518467104,2026-05-03 06:52:52.050961,2026-05-03 06:53:43.177640,0 days 00:00:51.126679,32,True,48,0.23979792711299683,,10,192,0.03934477755583979,0.00047225264635408196,ce,1.7052311862275726,0.12190168155967357,0.2129432231825143,0.2071258519773836,1,1,1,plateau,1.1,0.9,0.19644244758765844,16,2,4.4347758399002765e-05,,,,,,PRUNED
52,0.5472023430765048,2026-05-03 06:53:43.274074,2026-05-03 06:54:38.248211,0 days 00:00:54.974137,32,False,48,0.2003168337718724,,10,192,0.03486622033487909,0.00035493263125043004,ce,1.8388136188408473,0.2929209844039366,0.2509012724047161,0.3500401795520082,1,3,1,plateau,1.1,0.9,0.23445950139977362,36,2,0.00016731108544060122,,,,,,PRUNED
53,0.47446038793208334,2026-05-03 06:54:38.356752,2026-05-03 06:55:15.298755,0 days 00:00:36.942003,32,False,48,0.21465762356732163,,10,192,0.030108107277978045,0.0001365492301978717,ce,1.740034300989711,0.27872670402561345,0.13064796391680816,0.3064584899763223,1,3,1,plateau,1.1,0.9,0.2872757002950599,20,2,9.172727427991651e-05,,,,,,PRUNED
54,0.46675849488141363,2026-05-03 06:55:15.393754,2026-05-03 06:55:47.774709,0 days 00:00:32.380955,32,False,48,0.230089919144911,,10,192,0.03977287962796815,0.00028994369419941765,ce,1.9439302287857414,0.2647604365456193,0.1983779101486613,0.40540010333152965,1,3,1,plateau,1.1,0.9,0.14307757402406843,24,3,4.323698191218079e-05,,,,,,PRUNED
55,0.5177022354638611,2026-05-03 06:55:47.872082,2026-05-03 06:56:28.841783,0 days 00:00:40.969701,32,False,48,0.21007668671134716,,10,192,0.027667978314979597,0.0003953063998274781,ce,1.0697028561673103,0.07171057493361561,0.21999836229783198,0.43612864322085126,2,3,1,plateau,1.1,0.9,0.2710663009329104,32,2,0.00011217278701875836,,,,,,PRUNED
56,0.4802843418350837,2026-05-03 06:56:28.937203,2026-05-03 06:57:10.094926,0 days 00:00:41.157723,32,False,48,0.30442877108859157,,8,320,0.04475342194639738,0.0008709677197984918,ce,1.5938293996059385,0.15988541742972578,0.17343384253414612,0.37409734409645085,4,3,2,warmup_invsqrt,1.1,0.9,0.22019604778085622,40,3,0.0001724048617403028,,,,,,PRUNED
57,0.5189059268086539,2026-05-03 06:57:10.199568,2026-05-03 06:57:53.042427,0 days 00:00:42.842859,64,False,48,0.22233716015430674,,6,192,0.023217780231934965,0.0006197518036099081,ce,1.4444457709688043,0.22304790257649162,0.264288688329278,0.48598076057739226,2,3,1,plateau,1.1,0.9,0.11471502781964787,24,6,2.53411915165758e-05,,,,,,PRUNED
58,0.4531081755021969,2026-05-03 06:57:53.140179,2026-05-03 06:58:29.748305,0 days 00:00:36.608126,32,True,48,0.30479917151902575,,12,256,0.13982026786180524,0.0007288509044899457,ce,1.803856132389156,0.16589807627915037,0.1581669573282501,0.3917950140231176,3,3,2,warmup_cosine,1.1,0.9,0.17440614874476118,44,3,0.0004902548420553687,,,,,,PRUNED
59,0.43361279123687463,2026-05-03 06:58:29.845231,2026-05-03 06:58:55.917330,0 days 00:00:26.072099,64,True,64,0.30405826560916116,,10,192,0.05037712089561387,0.00024935561065562463,ce,1.1623354341331997,0.14021816362506512,0.11814614481831165,0.45810801976265875,4,3,2,warmup_cosine,1.1,0.9,0.08720927369341439,36,7,5.5049716775593795e-05,,,,,,PRUNED
60,0.39469635088894356,2026-05-03 06:58:56.014171,2026-05-03 06:59:19.740593,0 days 00:00:23.726422,64,False,48,0.237079941713818,,10,192,0.03128958844128924,0.00020899973348490093,ce,1.5490889827711753,0.24206792521110176,0.43381129408784846,0.4116111235694304,2,2,1,warmup_cosine,1.1,0.9,0.06279551590352137,28,4,1.9558154291127026e-05,,,,,,PRUNED
61,0.5125954968996156,2026-05-03 06:59:19.844521,2026-05-03 07:00:01.324870,0 days 00:00:41.480349,32,True,48,0.2551435369977804,2.143691047377406,4,192,0.03622261367409429,0.0008987830836703333,focal,1.666330415752175,0.18030764404067368,0.1888362239728652,0.4395323964603698,2,3,1,warmup_cosine,1.1,0.9,0.13253871826205155,20,2,1.2352160622022605e-05,,,,,,PRUNED
62,0.4676901732452022,2026-05-03 07:00:01.424594,2026-05-03 07:00:27.194286,0 days 00:00:25.769692,64,True,48,0.20634404740736403,,10,192,0.041281398110412725,0.0005459650103956984,ce,1.315076761664519,0.1532397608030608,0.20852004846807828,0.42131366441959267,2,3,1,warmup_cosine,1.1,0.9,0.10676252394379102,28,3,0.00010535730734976397,,,,,,PRUNED
63,0.45119793636949723,2026-05-03 07:00:27.296978,2026-05-03 07:00:53.021088,0 days 00:00:25.724110,64,True,48,0.22387912956691206,,10,192,0.03754513112794318,0.0006693834342982301,ce,1.102478513858771,0.1890890712209312,0.23961270637008497,0.38788337621491054,2,3,1,warmup_cosine,1.1,0.9,0.10126735758423731,28,3,2.9668811515414405e-05,,,,,,PRUNED
64,0.4813733188531027,2026-05-03 07:00:53.119607,2026-05-03 07:01:26.377981,0 days 00:00:33.258374,64,True,48,0.2118270428970779,,10,192,0.03348160443796129,0.0008094441189517663,ce,1.19228394404801,0.17566246075063804,0.14621587448183113,0.45605245618345963,2,3,1,warmup_cosine,1.1,0.9,0.11956687307067321,32,4,0.0001337770444643894,,,,,,PRUNED
65,0.6560366601423916,2026-05-03 07:01:26.492839,2026-05-03 07:04:03.863068,0 days 00:02:37.370229,64,True,48,0.20043340273332588,,10,192,0.027525141594936117,0.0007487799976063092,ce,0.8084328326886467,0.15530151528415478,0.17974463074791963,0.4016574416521847,2,3,1,warmup_cosine,1.1,0.9,0.0483361006709412,24,3,1.764526505844778e-05,[0.6560366601423916],[1.1233734938738158],0.6560366601423916,0.6560366601423916,0.0,COMPLETE
66,0.45734785189056676,2026-05-03 07:04:03.966363,2026-05-03 07:04:31.393260,0 days 00:00:27.426897,64,True,48,0.3033049882240871,,12,320,0.04353048363834386,0.0006326011222542001,ce,0.9610775563137721,0.20337426472322423,0.27966240673517306,0.36081497656923184,3,3,3,warmup_cosine,1.1,0.9,0.08284146219179038,28,2,6.287877705662059e-05,,,,,,PRUNED
67,0.4193937128183372,2026-05-03 07:04:31.507225,2026-05-03 07:04:54.789273,0 days 00:00:23.282048,64,True,80,0.24682724047458748,,6,192,0.022761484507050157,0.0004283974526553868,ce,1.131648566947671,0.13801332272938452,0.20577806564644846,0.42940322492416444,2,1,1,warmup_cosine,1.1,0.9,0.07409123158538908,24,5,4.7861460199095385e-05,,,,,,PRUNED
68,0.45562644857818463,2026-05-03 07:04:54.887699,2026-05-03 07:05:20.644647,0 days 00:00:25.756948,64,True,48,0.23080354668853212,,10,192,0.031022222241731005,0.0004912614883722462,ce,1.0291330479968606,0.1936811257880484,0.22256431405769866,0.41257153060209834,2,3,1,plateau,1.1,0.9,0.15373873558727835,16,3,8.445714848853598e-05,,,,,,PRUNED
69,0.4474788211169885,2026-05-03 07:05:20.746937,2026-05-03 07:05:45.187173,0 days 00:00:24.440236,64,True,80,0.3025087303772948,,12,256,0.05389449211695187,0.0008717109243980895,ce,1.2982709207144056,0.16431336741591263,0.16710487992987486,0.48304611080109117,3,1,2,warmup_cosine,1.1,0.9,0.022005126467999125,40,3,6.88791302970534e-05,,,,,,PRUNED
70,0.41753430518468587,2026-05-03 07:05:45.293076,2026-05-03 07:06:10.715797,0 days 00:00:25.422721,64,True,48,0.26125524783869547,,10,192,0.027198950726180945,0.0007757681139396574,ce,1.4597867177381638,0.11514600684612748,0.1929692778609947,0.31786403333347624,2,3,1,warmup_invsqrt,1.1,0.9,0.0008598547164572201,32,4,3.8719648887854866e-05,,,,,,PRUNED
71,0.46593962044766823,2026-05-03 07:06:10.817232,2026-05-03 07:06:36.542844,0 days 00:00:25.725612,64,False,64,0.316366201870525,,8,192,0.13025859663922518,0.0006040188940209045,ce,1.8820359996181029,0.09865257040686923,0.23408899945539607,0.3664615778253327,4,3,4,warmup_cosine,1.1,0.9,0.1252970529924557,48,2,6.265028560636104e-05,,,,,,PRUNED
72,0.48560749203913417,2026-05-03 07:06:36.644005,2026-05-03 07:07:06.596142,0 days 00:00:29.952137,64,True,80,0.22147018208735444,,6,192,0.035680898451837695,0.0005520175789710447,ce,0.654162771333668,0.20543100733627673,0.2889035627142421,0.4933055442611716,2,1,1,warmup_cosine,1.1,0.9,0.14157671626330678,20,4,2.1430478213494462e-05,,,,,,PRUNED
73,0.5170796756344166,2026-05-03 07:07:06.692801,2026-05-03 07:07:36.815255,0 days 00:00:30.122454,64,True,80,0.2171324325602412,,6,192,0.03394475162493413,0.0007020745842021562,ce,0.7061918223630707,0.1776738737028514,0.271416589709109,0.46291797171691146,2,1,1,warmup_cosine,1.1,0.9,0.12457825045480742,20,4,2.2924679982953902e-05,,,,,,PRUNED
74,0.45712425517242716,2026-05-03 07:07:36.915532,2026-05-03 07:08:00.296163,0 days 00:00:23.380631,64,True,80,0.20620562502020331,,6,192,0.03850538640797934,0.0005783060967156611,ce,0.5506875622119147,0.283597283141892,0.24891150406446827,0.47339732970125803,2,1,1,warmup_cosine,1.1,0.9,0.09734980439606403,20,5,1.5631208051434543e-05,,,,,,PRUNED
75,0.6621871432055622,2026-05-03 07:08:00.404477,2026-05-03 07:10:40.287878,0 days 00:02:39.883401,64,True,80,0.22647617002458068,,6,192,0.04192670569657384,0.0009414220005949282,ce,0.8261244867363772,0.26842681066800494,0.3143857929338116,0.44848328623067557,2,1,1,warmup_cosine,1.1,0.9,0.10750160062913228,24,4,3.2321866612071496e-05,[0.6621871432055622],[1.1401417615602343],0.6621871432055622,0.6621871432055622,0.0,COMPLETE
76,0.4989306645524068,2026-05-03 07:10:40.389842,2026-05-03 07:11:10.265289,0 days 00:00:29.875447,64,True,80,0.23619163278220676,,6,192,0.04167713672019034,0.0009219530452326951,ce,0.8487392015181349,0.2714141736369621,0.31355015354305477,0.4442181449743304,2,1,1,warmup_cosine,1.1,0.9,0.1108961880603015,24,5,1.1977853669684139e-05,,,,,,PRUNED
77,0.579329113211961,2026-05-03 07:11:10.368916,2026-05-03 07:12:06.192518,0 days 00:00:55.823602,64,True,80,0.2255585428874956,1.7657935352607097,4,192,0.037651709393268014,0.0009564079928893269,focal,0.7584204777577075,0.25525349547382037,0.35998172936977907,0.34575624853769016,2,1,1,warmup_cosine,1.1,0.9,0.0682668960582661,24,3,3.3459001620036644e-05,,,,,,PRUNED
78,0.4048612508390397,2026-05-03 07:12:06.295280,2026-05-03 07:12:33.665035,0 days 00:00:27.369755,64,True,48,0.20937461556810943,,8,192,0.047071306749728606,0.0008302316034078431,ce,1.993413230681861,0.2968930412788645,0.34732690648830356,0.42565747390150366,1,2,1,warmup_cosine,1.1,0.9,0.09101374249129987,24,4,2.737180872529194e-05,,,,,,PRUNED
79,0.4616819294700708,2026-05-03 07:12:33.776318,2026-05-03 07:13:01.959350,0 days 00:00:28.183032,32,True,80,0.3036966476048747,,8,320,0.04375666828506006,0.0007391221185109,ce,0.9326861046805979,0.1459298692832809,0.2940879599144562,0.39137645243554864,3,1,2,warmup_cosine,1.1,0.9,0.052270877680471915,28,3,0.0011410051807082436,,,,,,PRUNED
80,0.46530752421222094,2026-05-03 07:13:02.059867,2026-05-03 07:13:27.640821,0 days 00:00:25.580954,64,True,48,0.24296827871091353,,10,192,0.023456606232896342,0.0009998509413194365,ce,1.0517058083084228,0.21377573210591047,0.32628676524951444,0.45138173575571583,2,3,1,warmup_cosine,1.1,0.9,0.16376314820459753,24,7,4.938032841784063e-05,,,,,,PRUNED
81,0.6548625314619383,2026-05-03 07:13:27.737618,2026-05-03 07:16:10.867830,0 days 00:02:43.130212,64,True,80,0.21680386217450687,,10,192,0.029414814389905702,0.0008429251180117928,ce,0.7728251405685584,0.2642805946319855,0.16786842816132633,0.4151586354526536,2,1,1,plateau,1.1,0.9,0.03956909653973635,24,4,3.719238632720226e-05,[0.6548625314619383],[1.046985036749348],0.6548625314619383,0.6548625314619383,0.0,COMPLETE
82,0.49749201963906775,2026-05-03 07:16:10.975536,2026-05-03 07:16:37.667341,0 days 00:00:26.691805,64,True,80,0.2276518060599822,,6,192,0.032563024113114396,0.0006559673834302073,ce,0.737570706731237,0.17161382702119216,0.31138476917001023,0.4988483122186121,2,1,1,warmup_cosine,1.1,0.9,0.11631973779808354,20,4,2.3344360510145064e-05,,,,,,PRUNED
83,0.6772843138681722,2026-05-03 07:16:37.770006,2026-05-03 07:19:11.320292,0 days 00:02:33.550286,64,True,80,0.20666926872650826,,6,192,0.03590920575750258,0.0007967247066601725,ce,0.6870831823248328,0.2880583144997417,0.3965118919340777,0.43785671106579294,2,1,1,warmup_cosine,1.1,0.9,0.13368183272782241,20,5,3.150394504253977e-05,[0.6772843138681722],[1.0562361598872452],0.6772843138681722,0.6772843138681722,0.0,COMPLETE
84,0.4673913253386938,2026-05-03 07:19:11.425546,2026-05-03 07:19:34.790643,0 days 00:00:23.365097,64,True,80,0.21493183745080494,,6,192,0.03987336951645577,0.0007994558929670066,ce,0.692507578888862,0.2825493568121273,0.4003644073133605,0.43633090886681125,2,1,1,warmup_cosine,1.1,0.9,0.13109964814734446,16,6,3.299385513303394e-05,,,,,,PRUNED
85,0.49407318815858864,2026-05-03 07:19:34.890998,2026-05-03 07:20:05.001720,0 days 00:00:30.110722,64,True,80,0.2048840031895319,,6,192,0.0640014937402881,0.0007134051645754941,ce,0.5771012650535354,0.2698179657114954,0.43815001846261153,0.3795094716296847,2,1,1,warmup_cosine,1.1,0.9,0.14707298990887088,24,5,3.99164616469029e-05,,,,,,PRUNED
86,0.4645257079838642,2026-05-03 07:20:05.103182,2026-05-03 07:20:28.573177,0 days 00:00:23.469995,64,True,80,0.23627076615508663,,4,192,0.035414735206942556,0.0009315082090614521,ce,0.821258171841931,0.18208964617718315,0.38416511875627546,0.4650664668661106,2,1,1,warmup_cosine,1.1,0.9,0.10559181333788005,28,5,2.005035508006119e-05,,,,,,PRUNED
87,0.4688827514097358,2026-05-03 07:20:28.672746,2026-05-03 07:20:55.905140,0 days 00:00:27.232394,64,False,48,0.3020127414326586,,8,256,0.046480062441439235,0.0007654156362863498,ce,0.8700189214127997,0.29092402233396225,0.41292864107820576,0.4057543449510412,3,3,3,warmup_invsqrt,1.1,0.9,0.136000758274538,44,5,5.4295324747323706e-05,,,,,,PRUNED
88,0.45983192976695236,2026-05-03 07:20:56.020389,2026-05-03 07:21:23.065944,0 days 00:00:27.045555,32,True,80,0.24833545190379513,,6,192,0.020083924461062795,0.0006691754349179934,ce,0.6648972412594132,0.2806253144822044,0.46492409916841393,0.44171013285544325,1,1,1,warmup_cosine,1.1,0.9,0.08490303693694642,20,6,1.0141432825466525e-05,,,,,,PRUNED
89,0.45670959215222845,2026-05-03 07:21:23.164958,2026-05-03 07:21:49.075160,0 days 00:00:25.910202,64,True,64,0.30192802183682876,2.2673728622296245,8,192,0.09081838457346941,0.0008590726924983933,focal,1.363447221000196,0.23813466959745377,0.1836736815759213,0.39540861395430454,4,3,2,warmup_cosine,1.1,0.9,0.09995132041883897,32,3,5.932867552561417e-05,,,,,,PRUNED
90,0.44653162726523754,2026-05-03 07:21:49.174315,2026-05-03 07:22:14.801914,0 days 00:00:25.627599,64,True,48,0.2063193763654834,,10,192,0.031704722883516945,0.0003250765115917087,ce,1.2638989998833534,0.2991635572452477,0.2135348313958264,0.41410852082928107,2,3,1,plateau,1.1,0.9,0.1192505705562269,24,2,1.6380682708180826e-05,,,,,,PRUNED
91,0.4769043096858285,2026-05-03 07:22:14.900412,2026-05-03 07:22:42.872513,0 days 00:00:27.972101,64,False,80,0.30186172747233003,,8,192,0.04909159277600405,0.0007824636731892734,ce,0.6308759808636516,0.13116165905679444,0.4857731810112806,0.4530499202252015,3,2,2,warmup_cosine,1.1,0.9,0.1663814384761715,28,3,5.2613367989888886e-05,,,,,,PRUNED
92,0.45379155228324886,2026-05-03 07:22:42.972913,2026-05-03 07:23:06.393546,0 days 00:00:23.420633,64,True,80,0.21879764936783258,,6,192,0.04159123497143923,0.0006195869049419971,ce,0.7431744483693403,0.190005100700797,0.25612999990832813,0.4828428164505125,1,1,1,warmup_cosine,1.1,0.9,0.11073802803990256,20,4,2.5609430086635334e-05,,,,,,PRUNED
93,0.48567923953340353,2026-05-03 07:23:06.492600,2026-05-03 07:23:29.865271,0 days 00:00:23.372671,64,True,80,0.22988705068626442,,6,192,0.026097574214564823,0.0005069807154817448,ce,0.5032224014692108,0.20084363528632657,0.22568255070940973,0.4697553589715427,2,1,1,warmup_cosine,1.1,0.9,0.12663488302288592,16,5,0.00010062046310259782,,,,,,PRUNED
94,0.4761410371455842,2026-05-03 07:23:29.959710,2026-05-03 07:23:53.414307,0 days 00:00:23.454597,64,True,80,0.21155506872974097,,6,192,0.03754173862315986,0.0007187326375140434,ce,0.589973208583591,0.1683524854087155,0.2000392787204867,0.2814264654204076,2,1,1,warmup_cosine,1.1,0.9,0.13844327158012232,20,4,1.790018711882394e-05,,,,,,PRUNED
95,0.5636523825978121,2026-05-03 07:23:53.510842,2026-05-03 07:24:43.741806,0 days 00:00:50.230964,64,True,80,0.20038193384049413,,10,192,0.03460168059039638,0.0005929366771360478,ce,0.686899334506136,0.18266234903234035,0.2421446626073309,0.4328952436154484,1,1,1,warmup_cosine,1.1,0.9,0.09394865932715515,20,3,3.10582510850789e-05,,,,,,PRUNED
96,0.5823114734724268,2026-05-03 07:24:43.847331,2026-05-03 07:25:45.831066,0 days 00:01:01.983735,32,True,48,0.22301495730923565,,6,192,0.029141021650798966,0.0006827680095443204,ce,0.799786008952892,0.288410484858586,0.2700185892756048,0.4198419235903674,2,1,1,warmup_cosine,1.1,0.9,0.18579751176428905,36,4,1.3052459284557405e-05,,,,,,PRUNED
97,0.423957451910513,2026-05-03 07:25:45.932557,2026-05-03 07:26:12.007270,0 days 00:00:26.074713,64,True,48,0.2791935283724446,,10,192,0.03896027340487516,0.0002837694648397942,ce,1.1790543527967614,0.15588190131080798,0.18555511075857067,0.47936851212364107,1,3,1,warmup_cosine,1.1,0.9,0.24961188002753926,20,5,2.8830010069077066e-05,,,,,,PRUNED
98,0.38272935005880404,2026-05-03 07:26:12.112790,2026-05-03 07:26:36.184278,0 days 00:00:24.071488,64,True,80,0.3017714885045596,,12,320,0.04295894005530203,0.0005348812437178942,ce,1.2182459893012414,0.26053936577763515,0.14838760262579145,0.4990715011767545,2,1,4,warmup_cosine,1.1,0.9,0.15161991081446008,24,3,5.2413401784497485e-05,,,,,,PRUNED
99,0.4318399748939917,2026-05-03 07:26:36.288680,2026-05-03 07:27:01.990963,0 days 00:00:25.702283,64,True,48,0.26246969851366714,,10,192,0.03597938510709473,0.0008311583510695157,ce,1.7410449696848038,0.24807016524521283,0.21815959457919312,0.42731589556398253,2,3,1,plateau,1.1,0.9,0.07764990485329512,24,2,8.183720606796949e-05,,,,,,PRUNED
100,0.3879294990778154,2026-05-03 07:27:02.088276,2026-05-03 07:27:28.313073,0 days 00:00:26.224797,64,False,80,0.4939534021333761,,8,192,0.04545373529648428,0.0006349109224084994,ce,0.9076683623102874,0.22031711887179878,0.260331379024603,0.44633239968460553,3,3,2,warmup_cosine,1.1,0.9,0.12330675980141245,32,4,5.2412596917809824e-05,,,,,,PRUNED
101,0.4585090877227957,2026-05-03 07:27:28.415664,2026-05-03 07:27:55.515177,0 days 00:00:27.099513,32,True,48,0.36356441528998795,2.74134689774693,6,256,0.06823237964590431,0.0007373103946251071,focal,0.970493852453264,0.21033368432900273,0.16525886201871892,0.4051109371292664,2,1,1,warmup_invsqrt,1.1,0.9,0.06710129556550389,16,3,4.293372035256566e-05,,,,,,PRUNED
102,0.4967587386226131,2026-05-03 07:27:55.624403,2026-05-03 07:28:25.713457,0 days 00:00:30.089054,64,True,80,0.23282478220324707,,10,192,0.02821984612335538,0.0008777789692409813,ce,0.9353282095644754,0.1935578775572638,0.23047683171879926,0.434120447975684,1,1,1,warmup_cosine,1.1,0.9,0.03568147223070428,24,5,3.5434591502462794e-05,,,,,,PRUNED
103,0.5213803828512229,2026-05-03 07:28:25.812148,2026-05-03 07:29:05.984689,0 days 00:00:40.172541,64,True,80,0.24283729435922236,,6,192,0.03055363466833216,0.0007946851876273451,ce,0.8764806419910343,0.16325445679232212,0.20165194721116042,0.4614209914856792,1,1,1,warmup_cosine,1.1,0.9,0.013762387486696712,24,5,2.150936935665151e-05,,,,,,PRUNED
104,0.4188359053050897,2026-05-03 07:29:06.079055,2026-05-03 07:29:29.542907,0 days 00:00:23.463852,64,True,80,0.2126892763505698,,8,192,0.025767100469807062,0.00036406124037834765,ce,1.092645688998815,0.19506021634534043,0.24636990701517458,0.38378918153200603,1,1,1,warmup_cosine,1.1,0.9,0.02719147546349157,20,5,2.465250974572617e-05,,,,,,PRUNED
105,0.5474210621125227,2026-05-03 07:29:29.652343,2026-05-03 07:30:16.273123,0 days 00:00:46.620780,64,True,80,0.2201481732246263,,10,192,0.0223398694449993,0.0006932121095325543,ce,0.730479961098906,0.27366056186715776,0.19187388021787846,0.45461099600968385,2,1,1,warmup_cosine,1.1,0.9,0.1113718655625361,24,5,2.7877891066520633e-05,,,,,,PRUNED
106,0.4785033667998143,2026-05-03 07:30:16.386003,2026-05-03 07:30:42.624928,0 days 00:00:26.238925,64,True,64,0.3015798354005071,,8,192,0.04246334765860877,0.0007567314809565717,ce,0.7922367522840763,0.18434659008204762,0.208474653656243,0.2542585116857689,2,3,2,warmup_cosine,1.1,0.9,0.1580813341435274,28,6,5.8365960622509816e-05,,,,,,PRUNED
107,0.4092406844798491,2026-05-03 07:30:42.720371,2026-05-03 07:31:04.975731,0 days 00:00:22.255360,64,True,48,0.25560219214415736,,10,192,0.03628538714792799,0.00018066879511118768,ce,0.8489157760814294,0.1793729431142151,0.17653373011125514,0.4271232985852157,1,1,1,warmup_cosine,1.1,0.9,0.14558947241990247,20,4,0.0001296491227343482,,,,,,PRUNED
108,0.4383336448458333,2026-05-03 07:31:05.091205,2026-05-03 07:31:32.044827,0 days 00:00:26.953622,64,True,80,0.3018007579726165,,8,192,0.0851771243490887,0.0005633844124708406,ce,0.9889300756254209,0.19813984856792777,0.23534978027281028,0.44312680490588424,4,3,2,warmup_cosine,1.1,0.9,0.10113331999727676,40,5,5.244994012105772e-05,,,,,,PRUNED
109,0.6709351948601926,2026-05-03 07:31:32.140166,2026-05-03 07:33:50.347257,0 days 00:02:18.207091,64,False,48,0.20487522220063958,,4,192,0.032895528014120705,0.0009440653933972452,ce,0.6199298011365515,0.173151563371712,0.298407672157065,0.16901879995473343,2,1,1,plateau,1.1,0.9,0.13155698665644128,24,3,7.364237131149778e-05,[0.6709351948601926],[1.0664126052559137],0.6709351948601926,0.6709351948601926,0.0,COMPLETE
110,0.4974047145389049,2026-05-03 07:33:50.457168,2026-05-03 07:34:21.217334,0 days 00:00:30.760166,64,False,48,0.20558859814075747,,4,192,0.03336779969994556,0.0009568584790015214,ce,0.7140532388821339,0.17156914293615827,0.30488475016400174,0.4878794105615445,2,2,1,plateau,1.1,0.9,0.1306657197757036,24,3,7.17483989946931e-05,,,,,,PRUNED
111,0.6521707356267117,2026-05-03 07:34:21.316446,2026-05-03 07:36:21.699617,0 days 00:02:00.383171,32,False,48,0.21527295706342883,,4,192,0.040504792789797676,0.0009407604166142733,ce,0.5474183445197501,0.15085517197587722,0.33806136600055586,0.15427571244950716,2,1,1,plateau,1.1,0.9,0.2159952358502481,20,3,9.083837603848876e-05,[0.6521707356267117],[1.0557406631876811],0.6521707356267117,0.6521707356267117,0.0,COMPLETE
112,0.48527976071061857,2026-05-03 07:36:21.797247,2026-05-03 07:36:43.907333,0 days 00:00:22.110086,64,False,48,0.22480515944745233,,4,192,0.03204573554281632,0.0008783695309244064,ce,1.9466461578357313,0.15937140555577484,0.22767258838293053,0.1987636896306686,1,1,1,plateau,1.1,0.9,0.11864115231874758,24,3,7.586648002120494e-05,,,,,,PRUNED
113,0.5047503673695796,2026-05-03 07:36:44.004765,2026-05-03 07:37:12.198864,0 days 00:00:28.194099,64,False,48,0.20907921498425666,,4,192,0.03418317197569373,0.0008195718439072463,ce,0.6290166688702387,0.20563352071642507,0.2874824622242639,0.22689881089063285,2,1,1,plateau,1.1,0.9,0.17215967366163604,24,2,3.924808296746583e-05,,,,,,PRUNED
114,0.5022338129440905,2026-05-03 07:37:12.322786,2026-05-03 07:37:40.713231,0 days 00:00:28.390445,64,False,48,0.20390360119363513,,10,192,0.02442023533736829,0.0009100176698083989,ce,0.6600319309803593,0.17505045769299096,0.2641333369108094,0.17109426252189985,2,1,1,plateau,1.1,0.9,0.08988221736719779,24,3,3.1952894432650505e-05,,,,,,PRUNED
115,0.503171042656842,2026-05-03 07:37:40.809989,2026-05-03 07:38:11.277680,0 days 00:00:30.467691,64,True,80,0.22852266588803574,,6,192,0.027370120068015886,0.0006586057226192976,ce,1.131103911551714,0.19040163304059346,0.28007826715625606,0.11645943042728249,1,1,1,warmup_cosine,1.1,0.9,0.1111703083853376,28,4,1.4473015380545264e-05,,,,,,PRUNED
116,0.45862832881528437,2026-05-03 07:38:11.374881,2026-05-03 07:38:36.992420,0 days 00:00:25.617539,64,True,48,0.21877812230343446,,10,192,0.03048021038888619,0.0007332739194714124,ce,1.2731577592280312,0.22900990498375887,0.3018607723859513,0.4101125377846369,2,3,1,warmup_cosine,1.1,0.9,0.13931007061576228,24,3,2.2482135910618066e-05,,,,,,PRUNED
117,0.45438359683377455,2026-05-03 07:38:37.100223,2026-05-03 07:39:01.089573,0 days 00:00:23.989350,64,False,80,0.3011738716599704,,16,320,0.04217421067645195,0.0007778927715778546,ce,1.5667286789704125,0.1697626488871123,0.2170614536199712,0.4717497022612085,2,1,2,warmup_cosine,1.1,0.9,0.10597583538200593,28,4,5.1728080052861966e-05,,,,,,PRUNED
118,0.4907433304461638,2026-05-03 07:39:01.190111,2026-05-03 07:39:26.926033,0 days 00:00:25.735922,64,True,48,0.24088642738588686,,6,192,0.03946517851273968,0.0008492945345923204,ce,1.6308227096714554,0.2849804265531903,0.374506331877778,0.4182724198960034,1,3,1,plateau,1.1,0.9,0.09704868248638629,20,8,1.919911488444617e-05,,,,,,PRUNED
119,0.6762388822484771,2026-05-03 07:39:27.023503,2026-05-03 07:42:15.174978,0 days 00:02:48.151475,64,True,80,0.20006254571335003,,10,192,0.0373032039555291,0.0006863313576024814,ce,0.8346249939123959,0.14441463113575592,0.315676304825696,0.4396974250084763,2,1,1,warmup_cosine,1.1,0.9,0.12432012017092325,24,2,9.996223191550875e-05,[0.6762388822484771],[1.110921645336014],0.6762388822484771,0.6762388822484771,0.0,COMPLETE
120,0.6538266242888083,2026-05-03 07:42:15.272052,2026-05-03 07:44:15.592199,0 days 00:02:00.320147,64,True,80,0.20982701026567863,,10,192,0.03666365392670916,0.0006370952812295185,ce,0.7721629041402202,0.14490808598189683,0.31973749579297917,0.39757799571052416,2,1,1,warmup_cosine,1.1,0.9,0.134237955508887,24,2,0.00010859430375126576,[0.6538266242888083],[1.03670301604614],0.6538266242888083,0.6538266242888083,0.0,COMPLETE
121,0.4265836540454594,2026-05-03 07:44:15.707431,2026-05-03 07:44:43.289245,0 days 00:00:27.581814,64,True,48,0.3011845482871032,2.472890977651541,10,256,0.04418170690767617,0.0006996882849345192,focal,1.3386490375674382,0.14108880030067011,0.2945405179913271,0.4402774626108658,3,3,2,warmup_invsqrt,1.1,0.9,0.12446676678968861,32,2,5.677517948144289e-05,,,,,,PRUNED
122,0.5782776613277119,2026-05-03 07:44:43.398219,2026-05-03 07:45:43.360457,0 days 00:00:59.962238,64,True,80,0.21230663020377027,,10,192,0.03235913947395651,0.0007388032773122751,ce,0.8407832834059312,0.15711081311964173,0.350267800540321,0.4291375524196255,2,1,1,warmup_cosine,1.1,0.9,0.1493692750287443,24,2,9.845261357728147e-05,,,,,,PRUNED
123,0.48647738026635173,2026-05-03 07:45:43.461826,2026-05-03 07:46:07.015942,0 days 00:00:23.554116,64,True,80,0.20138469303536544,,10,192,0.038055813869166746,0.0006075240781176963,ce,0.8898392081872527,0.1499937154308757,0.2746986906805241,0.4569826131687517,2,1,1,warmup_cosine,1.1,0.9,0.11649425678865445,36,2,8.666931883914391e-05,,,,,,PRUNED
124,0.6608579266917458,2026-05-03 07:46:07.112521,2026-05-03 07:48:24.193797,0 days 00:02:17.081276,64,True,80,0.20643387726686274,,10,192,0.029020804674372406,0.0008036566000177174,ce,1.0280355848453684,0.16665759611740946,0.3298104234536652,0.42255071722767346,2,1,1,warmup_cosine,1.1,0.9,0.12807844507599192,24,3,0.00011621509893200333,[0.6608579266917458],[1.0427424101520786],0.6608579266917458,0.6608579266917458,0.0,COMPLETE
125,0.6532033119305923,2026-05-03 07:48:24.295113,2026-05-03 07:51:08.112611,0 days 00:02:43.817498,64,True,80,0.20013668508602803,,10,192,0.034721998845359446,0.0007966737487324369,ce,1.051702451221219,0.1765121108970033,0.3274626255299271,0.3243063939450581,2,1,1,warmup_cosine,1.1,0.9,0.12876152811486113,24,3,0.00015380420810667776,[0.6532033119305923],[1.1629090028986941],0.6532033119305923,0.6532033119305923,0.0,COMPLETE
126,0.6040322139495344,2026-05-03 07:51:08.213328,2026-05-03 07:52:18.326295,0 days 00:01:10.112967,64,True,80,0.20703028092503076,,10,192,0.030132042119782078,0.0008447215622161851,ce,1.1565945123999002,0.16687573798024954,0.31517887936566596,0.4065669869175159,2,1,1,warmup_cosine,1.1,0.9,0.14190276964421888,24,3,0.0001300219916737529,,,,,,PRUNED
127,0.5185341364181065,2026-05-03 07:52:18.421223,2026-05-03 07:53:04.498944,0 days 00:00:46.077721,32,True,80,0.2175307411809431,,10,192,0.03328230886335147,0.0009096180450433029,ce,0.609224806124707,0.16554356107627188,0.33467623168668886,0.4226692822079847,2,1,1,warmup_cosine,1.1,0.9,0.13445251627781185,24,3,0.00011962929930062759,,,,,,PRUNED
128,0.4643220519692376,2026-05-03 07:53:04.605739,2026-05-03 07:53:29.859496,0 days 00:00:25.253757,64,False,48,0.21324502051911343,,10,192,0.040253111598809226,0.0009730181362922411,ce,1.0174149776580401,0.1335078512332071,0.2966187947995414,0.10235197130281182,2,3,1,warmup_cosine,1.1,0.9,0.12249007210831957,20,3,0.00022346897958643844,,,,,,PRUNED
129,0.662910648960588,2026-05-03 07:53:29.956949,2026-05-03 07:55:48.888402,0 days 00:02:18.931453,64,True,64,0.22511617923380667,,10,192,0.037586941615198835,0.000679154780609489,ce,0.6856275902367073,0.16171701897743382,0.31178906186071426,0.44783869139277155,2,1,1,warmup_cosine,1.1,0.9,0.10581779767870965,24,2,0.00011150513692170018,[0.662910648960588],[1.0290334935096814],0.662910648960588,0.662910648960588,0.0,COMPLETE
130,0.472983970103719,2026-05-03 07:55:48.997263,2026-05-03 07:56:12.139170,0 days 00:00:23.141907,64,True,64,0.2249507929760451,,10,192,0.03759376986678651,0.0006790836619257195,ce,0.9363324372130801,0.15498493179506365,0.3090687666605612,0.44566982341058153,2,1,1,warmup_cosine,1.1,0.9,0.08516126431089185,24,2,0.0001146032027373372,,,,,,PRUNED
131,0.47066347324557256,2026-05-03 07:56:12.235742,2026-05-03 07:56:38.334290,0 days 00:00:26.098548,64,True,64,0.30115649032447295,,12,192,0.042259902440280425,0.0007170318441473108,ce,1.8015328675787279,0.12494546254184022,0.3640852959821622,0.2997230020676679,2,3,2,plateau,1.1,0.9,0.10556589950724729,28,2,6.229782866737642e-05,,,,,,PRUNED
132,0.6761466907310171,2026-05-03 07:56:38.433999,2026-05-03 07:59:08.374139,0 days 00:02:29.940140,64,True,80,0.20576434632079002,,10,192,0.03526263589791531,0.0007520010467193404,ce,0.692738152231549,0.16191748012558047,0.3243702713080879,0.46865131861101667,2,1,1,warmup_cosine,1.1,0.9,0.11284624185660039,24,2,0.00015425188772123945,[0.6761466907310171],[1.0717942287310136],0.6761466907310171,0.6761466907310171,0.0,COMPLETE
133,0.49176781919794677,2026-05-03 07:59:08.472166,2026-05-03 07:59:34.979964,0 days 00:00:26.507798,64,True,64,0.20599676251265422,,10,192,0.028861635552970114,0.0007628783217074979,ce,0.6777298480562224,0.16099295453559742,0.3263864346271584,0.46657457702955796,2,1,1,warmup_cosine,1.1,0.9,0.09767697942003217,24,2,0.0001772593201056365,,,,,,PRUNED
134,0.6208519876459391,2026-05-03 07:59:35.075982,2026-05-03 08:01:00.963947,0 days 00:01:25.887965,64,True,64,0.20949254029984204,,10,192,0.03518377989283677,0.0008114081952833203,ce,0.5689670988053764,0.14531128356232595,0.34432836686900214,0.4357603675514738,2,1,1,warmup_cosine,1.1,0.9,0.11771202719234043,24,2,0.00015489393751341884,,,,,,PRUNED
135,0.5824067155918728,2026-05-03 08:01:01.061577,2026-05-03 08:01:50.629142,0 days 00:00:49.567565,64,True,64,0.21597167215565122,,10,192,0.03862467321528862,0.0006785060383419115,ce,0.615155388713106,0.16262758144225986,0.3533432485164564,0.4510886739904262,2,1,1,warmup_cosine,1.1,0.9,0.1133771214673994,24,2,0.00010295147135535496,,,,,,PRUNED
136,0.48927140036243605,2026-05-03 08:01:50.729400,2026-05-03 08:02:13.982841,0 days 00:00:23.253441,64,True,80,0.23396163806159187,,10,192,0.02637354394227672,0.0007614640042463258,ce,1.2182643184060404,0.17281827682512121,0.33713285634041346,0.3987918737480666,2,1,1,warmup_cosine,1.1,0.9,0.10826537332262824,24,2,9.255730018018986e-05,,,,,,PRUNED
137,0.39935530861137913,2026-05-03 08:02:14.081090,2026-05-03 08:02:38.552688,0 days 00:00:24.471598,64,True,48,0.20308431421119552,,10,192,0.03681998539422895,0.00013593117492767038,ce,0.7157057909443811,0.15154827519608532,0.30370172928054917,0.41654971250395145,2,2,1,warmup_cosine,1.1,0.9,0.09319975370493098,24,2,0.00018039834971367958,,,,,,PRUNED
138,0.504907002075341,2026-05-03 08:02:38.658059,2026-05-03 08:03:08.573680,0 days 00:00:29.915621,64,True,80,0.22010645966730905,,10,192,0.032486626939656864,0.0008616253575045337,ce,0.8239542295154259,0.2950638263627157,0.3182837472751401,0.43827057611428394,2,1,1,warmup_cosine,1.1,0.9,0.07925522222891476,24,3,7.864843494554175e-05,,,,,,PRUNED
139,0.4709846579442959,2026-05-03 08:03:08.688921,2026-05-03 08:03:51.075190,0 days 00:00:42.386269,32,True,48,0.2089459266571448,,10,192,0.03924666339211131,0.00072150207289593,ce,1.0940428704875824,0.27625157706993136,0.19539510212781205,0.45615015184977364,2,3,1,warmup_cosine,1.1,0.9,0.10001092153278938,24,2,0.00014298113180905185,,,,,,PRUNED
140,0.6215835970338203,2026-05-03 08:03:51.175849,2026-05-03 08:05:16.131973,0 days 00:01:24.956124,64,False,80,0.2265172869781789,,10,192,0.031012727756988084,0.0006547678441637276,ce,0.6512660888340015,0.13840398309160898,0.28819436437208934,0.4752333756051705,2,1,1,warmup_cosine,1.1,0.9,0.28224171730210806,36,3,6.997531452657561e-05,,,,,,PRUNED
141,0.5043903244634254,2026-05-03 08:05:16.229520,2026-05-03 08:05:45.978024,0 days 00:00:29.748504,64,True,48,0.21325185947533948,,10,320,0.02432164909619601,0.0007994194829246897,ce,0.7719458999182163,0.16626547245234374,0.328349546277818,0.3742869661724955,2,1,1,warmup_cosine,1.1,0.9,0.12179197100801084,24,2,0.00020714003887098285,,,,,,PRUNED
142,0.45786295610583505,2026-05-03 08:05:46.074928,2026-05-03 08:06:09.448775,0 days 00:00:23.373847,64,True,80,0.2207164799831757,,6,192,0.0350225147701716,0.0004545752059003929,ce,0.6966488020616596,0.177726458977392,0.3098673081525941,0.4640537772746704,2,1,1,warmup_cosine,1.1,0.9,0.12944624728864473,20,3,0.0001264291924641369,,,,,,PRUNED
143,0.4859603658006671,2026-05-03 08:06:09.548051,2026-05-03 08:06:32.922036,0 days 00:00:23.373985,64,True,80,0.2006626611339533,,10,192,0.03656042121555129,0.0005777778419404846,ce,0.7451926239321341,0.1861145123047302,0.1793514096257798,0.4295067550673384,2,1,1,warmup_cosine,1.1,0.9,0.1138447817552918,20,4,0.00011492563417539287,,,,,,PRUNED
144,0.4697226018464724,2026-05-03 08:06:33.017594,2026-05-03 08:06:56.545664,0 days 00:00:23.528070,64,True,80,0.20613834095729422,,6,192,0.021949311632084783,0.0007087757031033646,ce,1.6858988555407324,0.1590086045852521,0.16773408704111004,0.448024194652849,2,1,1,warmup_cosine,1.1,0.9,0.136056838728913,24,3,1.6993004610301207e-05,,,,,,PRUNED
145,0.461473249153929,2026-05-03 08:06:56.649370,2026-05-03 08:07:26.926194,0 days 00:00:30.276824,64,True,80,0.21412966226246893,,10,192,0.04037447435793921,0.0006422050702411392,ce,0.6466554813602364,0.18123316517657476,0.2987580968933054,0.4885292097007384,2,1,1,warmup_cosine,1.1,0.9,0.10275016544140678,20,2,2.6308160003379184e-05,,,,,,PRUNED
146,0.4682288365647875,2026-05-03 08:07:27.022211,2026-05-03 08:07:53.355354,0 days 00:00:26.333143,64,True,80,0.3009236544920941,2.007507335753389,14,192,0.04477580553225251,0.0007537430930199106,focal,1.3939299489602575,0.17217568944190573,0.3219176718003262,0.47782573692679514,2,3,3,plateau,1.1,0.9,0.15369797034052718,44,3,0.00026934026248759906,,,,,,PRUNED
147,0.445432335363154,2026-05-03 08:07:53.452485,2026-05-03 08:08:16.715235,0 days 00:00:23.262750,64,True,64,0.22361053414654133,,6,192,0.034364514842498695,0.0006168642174234316,ce,1.4785731578590098,0.19199899092810896,0.28769166884709096,0.42396204891151307,2,1,1,warmup_cosine,1.1,0.9,0.1274225825018072,24,4,8.227613767404134e-05,,,,,,PRUNED
148,0.39482608066702807,2026-05-03 08:08:16.817750,2026-05-03 08:08:43.488608,0 days 00:00:26.670858,64,True,80,0.30103156954459553,,12,192,0.04226912434152914,0.0008929923304872963,ce,0.7115477475691195,0.28608477415633093,0.15192242455654847,0.4116727625369678,4,3,2,warmup_cosine,1.1,0.9,0.14172007451121635,28,7,5.163343708390417e-05,,,,,,PRUNED
149,0.5824295055021314,2026-05-03 08:08:43.592760,2026-05-03 08:09:31.336619,0 days 00:00:47.743859,64,True,48,0.23157667423594414,,10,192,0.02897975478627252,0.0009985994381907302,ce,0.6795715455296647,0.2662962252833741,0.1881806351267885,0.3859635666150234,2,1,1,warmup_invsqrt,1.1,0.9,0.118547482104535,24,3,9.82907585774584e-05,,,,,,PRUNED
150,0.5768057361838614,2026-05-03 08:09:31.449748,2026-05-03 08:10:31.537537,0 days 00:01:00.087789,32,False,80,0.30099829057818633,,8,256,0.047557350703966716,0.0008269720162864183,ce,0.9720414829551027,0.06211358023813621,0.4001970845136403,0.43419405505495645,3,1,4,warmup_cosine,1.1,0.9,0.11091005692962344,28,4,5.139080650691875e-05,,,,,,PRUNED
151,0.47420009143185127,2026-05-03 08:10:31.635377,2026-05-03 08:10:57.408978,0 days 00:00:25.773601,64,True,48,0.2098310329988354,,4,192,0.03332421225980842,0.00026981243502847627,ce,0.5932398065036608,0.18569255871921037,0.2045095249854717,0.4590876863278056,2,3,1,warmup_cosine,1.1,0.9,0.09149559422396528,20,2,0.00014203137139632633,,,,,,PRUNED
152,0.4469616823484031,2026-05-03 08:10:57.510392,2026-05-03 08:11:21.035794,0 days 00:00:23.525402,64,True,80,0.2484880098049434,,8,192,0.026095350813356868,0.0006902588284154714,ce,0.9312952164561128,0.20076927323000415,0.22479692115655034,0.4426454962297732,1,1,1,warmup_cosine,1.1,0.9,0.03292277989291961,24,5,3.090040533655946e-05,,,,,,PRUNED
153,0.4712611406185877,2026-05-03 08:11:21.136460,2026-05-03 08:11:44.690612,0 days 00:00:23.554152,64,True,80,0.20003635132873068,,8,192,0.028154769927257246,0.0007825206523281366,ce,1.0314025679081729,0.2165015436046072,0.2561630681922257,0.42020067515513493,2,1,1,warmup_cosine,1.1,0.9,0.04824861210506304,24,5,3.542897891805391e-05,,,,,,PRUNED
154,0.4693715318614492,2026-05-03 08:11:44.796932,2026-05-03 08:12:08.133577,0 days 00:00:23.336645,64,True,80,0.21773579259177697,,10,192,0.030888085020879117,0.0007334117990739951,ce,0.7937178508382604,0.1973500961007415,0.23893638083757976,0.49264798028334356,2,1,1,warmup_cosine,1.1,0.9,0.12251408418886067,24,5,2.020238895926611e-05,,,,,,PRUNED
155,0.4259749963889613,2026-05-03 08:12:08.240344,2026-05-03 08:12:31.881223,0 days 00:00:23.640879,64,True,80,0.26520255570830237,,6,192,0.03789669255317593,0.0003120086461993461,ce,1.7443640229430954,0.16829352880736612,0.20938229189633828,0.42781429121639314,1,1,1,warmup_cosine,1.1,0.9,0.054657418587121746,24,3,2.9296868368905854e-05,,,,,,PRUNED
156,0.5951608771702875,2026-05-03 08:12:31.976724,2026-05-03 08:13:41.907069,0 days 00:01:09.930345,64,True,80,0.23787050571248855,,10,192,0.03583922559944401,0.0006959241485867767,ce,0.9876815924558708,0.1793133246196755,0.41438639562441887,0.40561436964153674,2,1,1,plateau,1.1,0.9,0.022786117062082185,24,3,2.3628589110179047e-05,,,,,,PRUNED
157,0.4780019772189575,2026-05-03 08:13:42.005072,2026-05-03 08:14:04.089438,0 days 00:00:22.084366,64,True,48,0.20455253380180405,,10,192,0.05680478255890814,0.00039310185554961203,ce,1.8464404004973436,0.15553384534430612,0.3155437394294579,0.35173647778606654,2,1,1,warmup_cosine,1.1,0.9,0.040779842682015364,20,5,8.600658320720309e-05,,,,,,PRUNED
158,0.4500843273583113,2026-05-03 08:14:04.196620,2026-05-03 08:14:31.065289,0 days 00:00:26.868669,64,True,80,0.3009307754039018,,8,192,0.042287832748274204,0.000672730161636286,ce,0.8723905634778409,0.1626649506735801,0.24702982006573135,0.4517295181380113,3,3,2,warmup_cosine,1.1,0.9,0.008046482930965267,40,6,5.135560152188207e-05,,,,,,PRUNED
159,0.46343166286293463,2026-05-03 08:14:31.162567,2026-05-03 08:14:55.020320,0 days 00:00:23.857753,64,False,48,0.27756317606797104,,6,192,0.03194049061390674,0.0007718473121903677,ce,0.5256209935835725,0.17182911856775296,0.19729548575124578,0.47073292240367076,2,2,1,warmup_cosine,1.1,0.9,0.10766402478405812,24,2,4.4658567373676326e-05,,,,,,PRUNED
160,0.48687521234310455,2026-05-03 08:14:55.120237,2026-05-03 08:15:18.601804,0 days 00:00:23.481567,64,True,80,0.22700213774805791,,10,192,0.027299438604506884,0.0008264520664122637,ce,1.0590225618713989,0.20719264008919183,0.21769338250130052,0.39456298536120604,1,1,1,warmup_cosine,1.1,0.9,0.1029736928751442,24,4,3.3931719946691616e-05,,,,,,PRUNED
161,0.47068994475864645,2026-05-03 08:15:18.702616,2026-05-03 08:15:42.111988,0 days 00:00:23.409372,64,True,80,0.3327895963223393,,10,192,0.07678997688638159,0.0005152429444230228,ce,1.125354836334406,0.1859457511995959,0.27453690753346277,0.43713881215785644,2,1,1,plateau,1.1,0.9,0.13178238836304418,24,3,1.569962070861246e-05,,,,,,PRUNED
162,0.4089058104842671,2026-05-03 08:15:42.212643,2026-05-03 08:16:06.796393,0 days 00:00:24.583750,64,True,64,0.30100620436359377,,8,192,0.10892858103256475,0.00022882265043559088,ce,0.6394382490535602,0.21133425243794443,0.23356172279575246,0.24728277877147906,3,2,2,warmup_invsqrt,1.1,0.9,0.14605198940408542,20,4,6.589031475173458e-05,,,,,,PRUNED
163,0.43806448198444714,2026-05-03 08:16:06.900324,2026-05-03 08:16:31.348545,0 days 00:00:24.448221,64,True,64,0.4490837898471169,,8,192,0.04163010530014602,0.000609091123504531,ce,0.7524865544113974,0.19231343630636366,0.1839044710143405,0.22329312563289455,3,2,3,warmup_invsqrt,1.1,0.9,0.2997586872217062,48,4,5.6086952166147073e-05,,,,,,PRUNED
164,0.47056169094435524,2026-05-03 08:16:31.449379,2026-05-03 08:16:55.687400,0 days 00:00:24.238021,64,True,64,0.3011105542225655,,8,192,0.12869116930795588,0.0005807669690795685,ce,0.6905946278077942,0.20287691452820975,0.2044650850344406,0.15492613405446734,3,2,3,warmup_invsqrt,1.1,0.9,0.13695676134557933,20,5,5.099872181033863e-05,,,,,,PRUNED
165,0.3693893453928422,2026-05-03 08:16:55.784190,2026-05-03 08:17:26.309337,0 days 00:00:30.525147,32,True,64,0.5420599073404724,,8,192,0.09831442807559007,0.0004250408635288526,ce,0.7283702062583067,0.2788144335881392,0.2116629464925013,0.4148543355617382,3,2,3,warmup_invsqrt,1.1,0.9,0.15800207011652306,32,4,5.1293626548315676e-05,,,,,,PRUNED
166,0.444686769728179,2026-05-03 08:17:26.422589,2026-05-03 08:17:52.775795,0 days 00:00:26.353206,64,True,64,0.3007059417097788,,8,192,0.041511220524906633,0.0006460352145537261,ce,0.8339309201923651,0.1484745771454032,0.3317282390995504,0.18653434721313544,2,3,2,warmup_cosine,1.1,0.9,0.1281046871088436,20,3,5.539579525376472e-05,,,,,,PRUNED
167,0.4109694891545483,2026-05-03 08:17:52.874777,2026-05-03 08:18:15.761719,0 days 00:00:22.886942,64,True,48,0.3854161204844867,1.5880661201057893,10,320,0.03440499359225968,0.0007285275431179142,focal,0.9096583944366424,0.19619372419987924,0.44147667618908615,0.26469018131342126,1,1,1,warmup_cosine,1.1,0.9,0.11535636366632102,20,4,7.498091858489423e-05,,,,,,PRUNED
168,0.4917526991241155,2026-05-03 08:18:15.863458,2026-05-03 08:18:41.939141,0 days 00:00:26.075683,64,False,80,0.30110018188110355,,10,192,0.04391141898443515,0.0009315777379022106,ce,0.6125113872040375,0.17418554009743456,0.3841856638477483,0.22639816004143304,3,3,4,warmup_invsqrt,1.1,0.9,0.14505378536378136,28,5,0.0004301733183800159,,,,,,PRUNED
169,0.43198123779104836,2026-05-03 08:18:42.039887,2026-05-03 08:19:04.096917,0 days 00:00:22.057030,64,True,48,0.36480019446995376,,4,192,0.03678768753508278,0.0006622097162897113,ce,0.9512257565064174,0.2917530089815699,0.3049036635552876,0.44508415158003806,1,1,1,warmup_cosine,1.1,0.9,0.015757095940140933,16,2,3.872884551259212e-05,,,,,,PRUNED
170,0.5076709306169744,2026-05-03 08:19:04.196254,2026-05-03 08:19:40.954141,0 days 00:00:36.757887,64,True,80,0.2101097592292534,,6,192,0.06219177161179473,0.0007922705640620207,ce,0.7905539085712064,0.1599603156926795,0.17270937626682142,0.3104164478398958,2,1,1,warmup_cosine,1.1,0.9,0.2444772841449682,24,3,4.32898215063718e-05,,,,,,PRUNED
171,0.47701447789372436,2026-05-03 08:19:41.063763,2026-05-03 08:20:08.334015,0 days 00:00:27.270252,64,True,48,0.3008201260067277,,8,256,0.041643384969841324,0.0007484380264248197,ce,0.6661611259311881,0.14237088249665106,0.19437759142407507,0.4281119212062714,2,3,2,plateau,1.1,0.9,0.12427478186986375,24,4,5.119104351925486e-05,,,,,,PRUNED
172,0.4113033085319898,2026-05-03 08:20:08.436085,2026-05-03 08:20:33.885160,0 days 00:00:25.449075,64,True,48,0.20007924243814068,,10,192,0.02929803709569522,0.00011773241748352978,ce,0.7343288757164246,0.148908368330119,0.18040713375244294,0.4203601951778286,2,3,1,warmup_cosine,1.1,0.9,0.0450937628170531,24,3,0.00010959928297478128,,,,,,PRUNED
173,0.47482111300294466,2026-05-03 08:20:33.989677,2026-05-03 08:20:59.914339,0 days 00:00:25.924662,64,True,48,0.20618746677581123,,10,192,0.02429645550894635,0.0007096859979589044,ce,0.8179655189318216,0.16458303789719528,0.22108398707322705,0.2814256713960819,2,3,1,warmup_cosine,1.1,0.9,0.034866845408507915,24,3,1.7184676998386286e-05,,,,,,PRUNED
174,0.5063299159069266,2026-05-03 08:21:00.012982,2026-05-03 08:21:33.048645,0 days 00:00:33.035663,64,True,48,0.21485587413243692,,10,192,0.03908332085254034,0.0008629773310464293,ce,0.7605292162537909,0.1541274145798754,0.16491514385370132,0.4013731840752584,2,3,1,warmup_cosine,1.1,0.9,0.06316505935967298,24,3,1.3345822011380322e-05,,,,,,PRUNED
175,0.4300349338163298,2026-05-03 08:21:33.146157,2026-05-03 08:21:58.680805,0 days 00:00:25.534648,64,True,48,0.20401452451949348,,10,192,0.0273335728852434,0.0005433070866577018,ce,0.6916302801788091,0.15755245517373828,0.18979637752554684,0.433073898863728,2,3,1,warmup_cosine,1.1,0.9,0.09492919959419166,24,3,1.926388806479752e-05,,,,,,PRUNED
176,0.5742386692246931,2026-05-03 08:21:58.778358,2026-05-03 08:23:01.077575,0 days 00:01:02.299217,64,True,48,0.21029893737249625,,10,192,0.03308274745724339,0.0007505978546035979,ce,1.8982567194353086,0.1665814756341584,0.3124297754454281,0.41030928855164306,2,3,1,warmup_cosine,1.1,0.9,0.07173135375329101,20,3,2.7789611354264465e-05,,,,,,PRUNED
177,0.6032560158441057,2026-05-03 08:23:01.187954,2026-05-03 08:24:11.381919,0 days 00:01:10.193965,64,True,80,0.2162258045820457,,10,192,0.03019643049360282,0.0008036143406514467,ce,0.8577746255582585,0.18206043185387236,0.13861874969657906,0.3650007268635779,2,1,1,warmup_cosine,1.1,0.9,0.029302774205242618,24,2,9.224000451806128e-05,,,,,,PRUNED
178,0.47000370023665444,2026-05-03 08:24:11.485701,2026-05-03 08:24:41.080369,0 days 00:00:29.594668,32,False,64,0.3011159900104786,,12,192,0.04146955963276892,0.000688197995234993,ce,0.8934563357514616,0.17679970270823472,0.1606013531661494,0.13170617564789983,3,2,2,warmup_cosine,1.1,0.9,0.2650171282613258,28,3,6.589693218181556e-05,,,,,,PRUNED
179,0.4645995672593448,2026-05-03 08:24:41.178969,2026-05-03 08:25:04.545125,0 days 00:00:23.366156,64,True,80,0.40709958495741966,,10,192,0.025142891535371793,0.0006306097828160563,ce,1.1940708830707725,0.2253344072253856,0.29552228536510367,0.48141594124625,2,1,1,warmup_cosine,1.1,0.9,0.11858541633441896,24,2,2.5501452928647623e-05,,,,,,PRUNED
180,0.38520175891995984,2026-05-03 08:25:04.645808,2026-05-03 08:25:30.479005,0 days 00:00:25.833197,64,True,48,0.3490098320787988,,6,192,0.0381812314708839,0.000596669282819588,ce,0.7945246886050445,0.15298207573766306,0.22829297483238803,0.46134592294324667,2,3,1,warmup_cosine,1.1,0.9,0.13592557413983264,20,4,1.4544396828503907e-05,,,,,,PRUNED
181,0.47898505786297235,2026-05-03 08:25:30.576443,2026-05-03 08:25:53.835787,0 days 00:00:23.259344,64,True,80,0.25401029025520655,,10,192,0.03139006175402578,0.0007179227800095581,ce,0.7118828682725682,0.23780209663919566,0.17757973367854646,0.4496019539539538,2,1,1,warmup_cosine,1.1,0.9,0.08733426075967861,24,5,2.2042329789069575e-05,,,,,,PRUNED
182,0.6191086152433859,2026-05-03 08:25:53.931752,2026-05-03 08:27:04.107252,0 days 00:01:10.175500,64,True,80,0.20568008102693708,,10,192,0.02876542361696549,0.0007794898491663491,ce,0.9036189392221277,0.18896084117769235,0.2547508927796652,0.43772507099470886,1,1,1,warmup_cosine,1.1,0.9,0.03862999179252513,20,4,2.9711724500774177e-05,,,,,,PRUNED
183,0.43400387367317816,2026-05-03 08:27:04.204603,2026-05-03 08:27:27.399158,0 days 00:00:23.194555,64,True,80,0.20435185191271302,,10,192,0.02651871382303079,0.0008388972938195109,ce,0.9213046769161565,0.18923384329448473,0.2640664527706266,0.422805387411855,1,1,1,warmup_cosine,1.1,0.9,0.020157104975242358,20,4,1.8273427519752628e-05,,,,,,PRUNED
184,0.4863422743129678,2026-05-03 08:27:27.510985,2026-05-03 08:27:51.134571,0 days 00:00:23.623586,64,True,80,0.22152948450320498,,10,192,0.02170841174625622,0.0008962590019804458,ce,0.9680448770379658,0.19942421513682787,0.3213856362509539,0.43101902015287297,1,1,1,warmup_cosine,1.1,0.9,0.022914999629530027,20,4,2.70927736198904e-05,,,,,,PRUNED
185,0.5357348439880137,2026-05-03 08:27:51.235343,2026-05-03 08:28:28.156549,0 days 00:00:36.921206,64,True,80,0.2113717881371773,,10,192,0.035881318569743276,0.0007392473336735919,ce,1.0069353612802001,0.17026066507011842,0.24288990021304788,0.44180396343335426,1,1,1,warmup_cosine,1.1,0.9,0.029020868137989483,20,4,3.257396584440255e-05,,,,,,PRUNED
186,0.6830858494291612,2026-05-03 08:28:28.254851,2026-05-03 08:31:28.782995,0 days 00:03:00.528144,64,True,80,0.20106125299308247,,10,192,0.03359513436382346,0.0008102814421521665,ce,0.8591908197771063,0.1607512542884864,0.23642915524169064,0.4064569475358951,2,1,1,plateau,1.1,0.9,0.10829652780814047,24,3,2.392649157903331e-05,[0.6830858494291612],[1.041056139291905],0.6830858494291612,0.6830858494291612,0.0,COMPLETE
187,0.4964128454845234,2026-05-03 08:31:28.887840,2026-05-03 08:31:51.164107,0 days 00:00:22.276267,64,True,48,0.20084622477254432,,10,192,0.03516009006075746,0.0007720171770489642,ce,0.8601508979534567,0.16170905060865315,0.19893865282943868,0.3904962198539661,2,1,1,plateau,1.1,0.9,0.10590568557010971,24,3,0.00010374799038325081,,,,,,PRUNED
188,0.5237534265137462,2026-05-03 08:31:51.290995,2026-05-03 08:32:28.189677,0 days 00:00:36.898682,64,True,80,0.20962184041731155,,10,192,0.032405942320584476,0.0006646841373758475,ce,0.8187995901513176,0.15795391859109323,0.22157996339938998,0.4015192577380257,2,1,1,plateau,1.1,0.9,0.11120956706344044,24,3,3.605536548380911e-05,,,,,,PRUNED
189,0.4695084898071032,2026-05-03 08:32:28.293557,2026-05-03 08:32:58.168917,0 days 00:00:29.875360,64,False,80,0.30101098060168785,,8,192,0.04155459456065565,0.0008177162927514775,ce,0.6340471026368014,0.16740905795768737,0.21102505739492908,0.4130907325015444,2,3,2,plateau,1.1,0.9,0.10020737065991386,24,3,5.120116546625718e-05,,,,,,PRUNED
190,0.5613020581263399,2026-05-03 08:32:58.270103,2026-05-03 08:33:42.984600,0 days 00:00:44.714497,64,True,48,0.2194849164553211,,6,192,0.03374017706142548,0.0008617596525439219,ce,0.768713594752959,0.14711524955162067,0.22813373161780778,0.216621975226351,2,1,1,plateau,1.1,0.9,0.11614095478862979,24,3,2.06347334567141e-05,,,,,,PRUNED
191,0.4616630004039155,2026-05-03 08:33:43.087472,2026-05-03 08:34:08.585087,0 days 00:00:25.497615,64,True,64,0.30090354766571503,1.7869564688779085,10,192,0.041415625975186734,0.00037244887952091215,focal,0.6700078500898005,0.15377841682540846,0.23902347464526102,0.37876067571349026,3,3,3,plateau,1.1,0.9,0.12583946606506835,28,2,5.126346578224658e-05,,,,,,PRUNED
192,0.5153026972279425,2026-05-03 08:34:08.684481,2026-05-03 08:34:38.891273,0 days 00:00:30.206792,64,True,80,0.2054591849816221,,10,192,0.029757309803983084,0.0007511110002649018,ce,0.8834645630033182,0.18119920058632108,0.24622323700461518,0.49984031088932124,1,1,1,warmup_cosine,1.1,0.9,0.10886433612208371,24,4,2.433106896760544e-05,,,,,,PRUNED
193,0.5970486819637529,2026-05-03 08:34:38.994883,2026-05-03 08:35:38.957230,0 days 00:00:59.962347,64,True,80,0.2009558965038465,,10,192,0.036495937033891396,0.0007083185845235156,ce,0.9550238979976251,0.17352290997173658,0.2845500225266955,0.4065330867517807,1,1,1,warmup_cosine,1.1,0.9,0.0007128593666731985,24,3,2.576010894594557e-05,,,,,,PRUNED
194,0.49196672120299073,2026-05-03 08:35:39.065871,2026-05-03 08:36:02.602403,0 days 00:00:23.536532,64,True,80,0.21353462477360266,,10,192,0.03805386796195422,0.0008081954954196049,ce,0.8300888886809623,0.20446417658619898,0.2338229947269389,0.4176482955501333,2,1,1,warmup_cosine,1.1,0.9,0.048513435851776754,16,3,8.105407892523142e-05,,,,,,PRUNED
195,0.5837160323122899,2026-05-03 08:36:02.712575,2026-05-03 08:36:52.943399,0 days 00:00:50.230824,64,True,80,0.20786614595017003,,10,192,0.07269789943587776,0.0007717535640939555,ce,1.4285729490182022,0.29943426760294073,0.2529018947050021,0.426372548302602,2,1,1,warmup_invsqrt,1.1,0.9,0.13085050086654743,20,4,2.360117817099736e-05,,,,,,PRUNED
196,0.6743462777214982,2026-05-03 08:36:53.040463,2026-05-03 08:39:38.154488,0 days 00:02:45.114025,32,True,80,0.20021920090029263,,10,192,0.027721951935959343,0.0009296036506401556,ce,1.5239744708127687,0.1938363323365062,0.30985452158762183,0.33423774273917317,1,1,1,plateau,1.1,0.9,0.1505977628821273,24,2,2.9994073978303512e-05,[0.6743462777214982],[1.0933225469337664],0.6743462777214982,0.6743462777214982,0.0,COMPLETE
197,0.6642773145285674,2026-05-03 08:39:38.255006,2026-05-03 08:42:12.770234,0 days 00:02:34.515228,32,True,80,0.21310999398298222,,10,192,0.08276383117430104,0.0009488958674456477,ce,1.5172229568978155,0.19450073203639112,0.3067936345050805,0.32780207308155135,2,1,1,plateau,1.1,0.9,0.22265667073050804,24,2,3.1823149353476726e-05,[0.6642773145285674],[1.1328643651889096],0.6642773145285674,0.6642773145285674,0.0,COMPLETE
198,0.6728635809735294,2026-05-03 08:42:12.873942,2026-05-03 08:45:25.645536,0 days 00:03:12.771594,32,True,80,0.21634946397055232,,10,192,0.06639885192836577,0.000932940566015672,ce,1.551929048265035,0.20019625867180377,0.31385304300588446,0.34601686337530513,1,1,1,plateau,1.1,0.9,0.2157013390774762,24,2,3.382592135251941e-05,[0.6728635809735294],[1.1224408158295447],0.6728635809735294,0.6728635809735294,0.0,COMPLETE
199,0.6570010048508175,2026-05-03 08:45:25.752687,2026-05-03 08:47:40.517472,0 days 00:02:14.764785,32,True,80,0.21875968078153235,,10,192,0.07943062046743894,0.0009567949058940222,ce,1.50939961436332,0.1985157002286503,0.3100657276207577,0.3193429561702526,1,1,1,plateau,1.1,0.9,0.21305623938498217,24,2,3.148081321256777e-05,[0.6570010048508175],[1.101674129065278],0.6570010048508175,0.6570010048508175,0.0,COMPLETE
200,0.5762529751793666,2026-05-03 08:47:40.617690,2026-05-03 08:48:49.310857,0 days 00:01:08.693167,32,True,80,0.30074947435909616,,10,320,0.043700012087974,0.000932775960730618,ce,1.6067493860369424,0.21382578908243005,0.30268586485071697,0.45278422099142757,2,1,2,plateau,1.1,0.9,0.22920123777982965,24,2,5.144050344896746e-05,,,,,,PRUNED
201,0.49710204846158973,2026-05-03 08:48:49.407877,2026-05-03 08:49:16.413778,0 days 00:00:27.005901,32,True,80,0.23134622812052266,,10,192,0.06799090599719144,0.0009655783918655458,ce,1.525795603833713,0.1922125804951716,0.3178686379540938,0.3337758313606038,1,1,1,plateau,1.1,0.9,0.2097748235519589,24,2,3.392270573270507e-05,,,,,,PRUNED
202,0.5214991094344008,2026-05-03 08:49:16.525373,2026-05-03 08:49:51.380221,0 days 00:00:34.854848,32,True,80,0.21162691431724587,,10,192,0.03964738359098578,0.0009058550693443703,ce,1.5510848607168457,0.20835682438800734,0.2951721190559219,0.3383983518636633,1,1,1,plateau,1.1,0.9,0.2348096921329794,24,2,3.844434608814506e-05,,,,,,PRUNED
203,0.5601698809547243,2026-05-03 08:49:51.480556,2026-05-03 08:50:37.978908,0 days 00:00:46.498352,32,True,80,0.28772086934921026,,10,192,0.08823251142754651,0.000996592219312725,ce,1.5843782411374447,0.2030018588044634,0.30952743212828143,0.35035229403675655,1,1,1,plateau,1.1,0.9,0.2427887026496186,24,2,2.8125990525489206e-05,,,,,,PRUNED
204,0.5159479610575651,2026-05-03 08:50:38.084037,2026-05-03 08:51:12.590701,0 days 00:00:34.506664,32,True,80,0.22356739252351848,,10,192,0.061977307699756505,0.0008864166596099234,ce,1.6526852464453392,0.19350409021913567,0.32459551187739966,0.3572159354298387,1,1,1,plateau,1.1,0.9,0.22103865158679742,24,2,3.233718640607949e-05,,,,,,PRUNED
205,0.6136817599937353,2026-05-03 08:51:12.690128,2026-05-03 08:52:33.583465,0 days 00:01:20.893337,32,True,80,0.21498580139452172,,4,192,0.03406024453920508,0.0009112136965404986,ce,1.6268944330975232,0.1973820113631672,0.33214205112182904,0.30911137098246133,2,1,1,plateau,1.1,0.9,0.2023015148759631,24,2,3.0192106043390155e-05,,,,,,PRUNED
206,0.6528676420937798,2026-05-03 08:52:33.682064,2026-05-03 08:55:34.369301,0 days 00:03:00.687237,32,True,80,0.2058421526066458,,10,192,0.03692564546119402,0.0008740506145941911,ce,1.4654162003995144,0.19527136806452236,0.3019831888532054,0.3330425678114358,1,1,1,plateau,1.1,0.9,0.18473816542521226,24,2,4.21245657019591e-05,[0.6528676420937798],[1.1570519220343025],0.6528676420937798,0.6528676420937798,0.0,COMPLETE
207,0.6691211780326092,2026-05-03 08:55:34.483707,2026-05-03 08:58:04.624025,0 days 00:02:30.140318,32,False,80,0.21517052265777012,,6,192,0.05294903847816422,0.000999966168725635,ce,1.2411984125908808,0.1862805204431569,0.32295907658330936,0.3301015161612799,2,1,1,plateau,1.1,0.9,0.19701587524949424,24,2,7.240787120498833e-05,[0.6691211780326092],[1.0931186550955692],0.6691211780326092,0.6691211780326092,0.0,COMPLETE
208,0.6540328993004604,2026-05-03 08:58:04.739946,2026-05-03 09:00:08.330781,0 days 00:02:03.590835,32,False,80,0.2261528204155419,,6,192,0.05617208647542645,0.0009278734074929268,ce,1.1600256796477115,0.18377216963021772,0.31896248572751035,0.3251426697276916,2,1,1,plateau,1.1,0.9,0.19395690993720027,24,2,8.785861573142049e-05,[0.6540328993004604],[1.0794363490683283],0.6540328993004604,0.6540328993004604,0.0,COMPLETE
209,0.6486708379041288,2026-05-03 09:00:08.441621,2026-05-03 09:02:37.086142,0 days 00:02:28.644521,32,False,80,0.21475985735621295,,6,192,0.035629736575643584,0.000961407851748368,ce,1.230499702769807,0.18867990536369805,0.3416012343099127,0.3431189825264098,2,1,1,plateau,1.1,0.9,0.241249224621088,24,2,7.261525538616784e-05,[0.6486708379041288],[1.0440990124389136],0.6486708379041288,0.6486708379041288,0.0,COMPLETE
210,0.4797160723092776,2026-05-03 09:02:37.190716,2026-05-03 09:03:05.409022,0 days 00:00:28.218306,32,False,80,0.30082615570458293,,6,256,0.05190886995049156,0.0009570345346330408,ce,1.4939418670307287,0.17821708852100085,0.3260055476639304,0.343211832967522,2,1,2,plateau,1.1,0.9,0.26145150743223944,24,2,5.1364269900770704e-05,,,,,,PRUNED
211,0.6493005227812256,2026-05-03 09:03:05.514836,2026-05-03 09:05:33.750250,0 days 00:02:28.235414,32,False,80,0.22069127589070595,,6,192,0.05921748892551868,0.0009867100730135848,ce,1.7774038913503993,0.1877140949021021,0.31712637090649587,0.29206904330066363,2,1,1,plateau,1.1,0.9,0.22072276744518904,24,2,9.976769723561477e-05,[0.6493005227812256],[1.1145997647758867],0.6493005227812256,0.6493005227812256,0.0,COMPLETE
212,0.5266377243570942,2026-05-03 09:05:33.879171,2026-05-03 09:06:09.208106,0 days 00:00:35.328935,32,False,80,0.21093813143738133,,6,192,0.05172195675421251,0.0008694322757022581,ce,1.2769355562904652,0.20555803514875817,0.3071621139253168,0.32694505543275126,2,1,1,plateau,1.1,0.9,0.19363628629449925,24,2,7.575631046113e-05,,,,,,PRUNED
213,0.6663124152587664,2026-05-03 09:06:09.310459,2026-05-03 09:09:54.562507,0 days 00:03:45.252048,32,True,80,0.2067901525379746,,6,192,0.04881925567380173,0.0009994187382723798,ce,1.536020059270667,0.20095175599223852,0.3368383379531782,0.32905066872458016,2,1,1,plateau,1.1,0.9,0.2312739713096057,24,2,3.618441044751283e-05,[0.6663124152587664],[1.0974819988941402],0.6663124152587664,0.6663124152587664,0.0,COMPLETE
214,0.5872799227175028,2026-05-03 09:09:54.673023,2026-05-03 09:10:53.330012,0 days 00:00:58.656989,32,True,80,0.20672217454841554,,6,192,0.05318470760856964,0.0009444123122918108,ce,1.5844970454874483,0.16399949562314697,0.33219649532634815,0.31530088735940764,2,1,1,plateau,1.1,0.9,0.22908599174265487,24,2,3.393459040689365e-05,,,,,,PRUNED
215,0.5866088862037007,2026-05-03 09:10:53.429808,2026-05-03 09:12:15.246946,0 days 00:01:21.817138,32,True,80,0.21646516895168594,,6,192,0.04871890276887706,0.0009153520031423667,ce,1.5359122831908671,0.196329215789581,0.34116286017285136,0.3379088398385687,2,1,1,plateau,1.1,0.9,0.22805466989163314,24,2,3.683692069824619e-05,,,,,,PRUNED
216,0.6491968330281253,2026-05-03 09:12:15.351529,2026-05-03 09:14:50.609821,0 days 00:02:35.258292,32,True,80,0.20505736385320025,,6,192,0.05025356035819175,0.0008319961290157635,ce,1.3084345977614649,0.2022363274760722,0.29161619821270446,0.3574706634621588,2,1,1,plateau,1.1,0.9,0.25098376795050753,24,2,0.00012372103012974262,[0.6491968330281253],[1.0989423847312836],0.6491968330281253,0.6491968330281253,0.0,COMPLETE
217,0.49643263145734357,2026-05-03 09:14:50.716197,2026-05-03 09:15:18.125006,0 days 00:00:27.408809,32,False,80,0.20115896107551734,,6,192,0.08420370232274554,0.00016182243947431853,ce,1.712377777165456,0.1703761336701522,0.30938808962828046,0.32977041596596685,2,1,1,plateau,1.1,0.9,0.21623713268501502,24,2,2.9732418712885933e-05,,,,,,PRUNED
218,0.5078025228309241,2026-05-03 09:15:18.227880,2026-05-03 09:15:49.495371,0 days 00:00:31.267491,32,True,80,0.20931076857342487,,6,192,0.039329889610236514,0.0009876324045968367,ce,1.3683096077767245,0.18298739738075637,0.31575342054866384,0.34593532774676083,2,1,1,plateau,1.1,0.9,0.22429922041627975,24,2,4.019476731879581e-05,,,,,,PRUNED
219,0.6819181535343342,2026-05-03 09:15:49.605494,2026-05-03 09:18:55.901942,0 days 00:03:06.296448,32,True,80,0.20009062145169457,,10,192,0.04595346662957723,0.000903523831810895,ce,1.5010529105133812,0.17533169309514338,0.3307184819436909,0.30296728365802267,2,1,1,plateau,1.1,0.9,0.23850030071917766,32,2,2.838248171631268e-05,[0.6819181535343342],[1.0845860813161452],0.6819181535343342,0.6819181535343342,0.0,COMPLETE
220,0.6595169328812668,2026-05-03 09:18:56.007510,2026-05-03 09:21:15.546683,0 days 00:02:19.539173,32,True,80,0.20022452833405935,,10,192,0.04679971609694535,0.000922372546391821,ce,1.552436272718989,0.2830136926480179,0.3348331812887993,0.321922886081871,2,1,1,plateau,1.1,0.9,0.24728527626708086,32,2,2.813155955585943e-05,[0.6595169328812668],[1.0809960185195044],0.6595169328812668,0.6595169328812668,0.0,COMPLETE
221,0.6182290000317409,2026-05-03 09:21:15.656527,2026-05-03 09:22:45.313456,0 days 00:01:29.656929,32,True,80,0.20803638919579892,,10,192,0.04987681638729663,0.0008734361143374981,ce,1.4872332368770937,0.17516856563210292,0.35912159624905704,0.303851194078751,2,1,1,plateau,1.1,0.9,0.23292908269308185,32,2,2.6424273283417268e-05,,,,,,PRUNED
222,0.6571918178008739,2026-05-03 09:22:45.413086,2026-05-03 09:25:39.864248,0 days 00:02:54.451162,32,True,80,0.2131290782021424,,10,192,0.04551118254615215,0.0009751871123218163,ce,1.4315251153587951,0.19105722245661436,0.3252282173674587,0.31773303358808624,2,1,1,plateau,1.1,0.9,0.23402032437336623,36,2,3.522318781060412e-05,[0.6571918178008739],[1.1008124926107392],0.6571918178008739,0.6571918178008739,0.0,COMPLETE
223,0.6721247940402096,2026-05-03 09:25:39.978084,2026-05-03 09:28:46.160908,0 days 00:03:06.182824,32,True,80,0.20527382817922651,,10,192,0.04654674283528765,0.0009955017345089875,ce,1.52242149108171,0.2884475561819946,0.35128905751793843,0.3339833259087709,2,1,1,plateau,1.1,0.9,0.23848761754838943,24,2,3.1068338574901515e-05,[0.6721247940402096],[1.121419615025143],0.6721247940402096,0.6721247940402096,0.0,COMPLETE
224,0.655714087365789,2026-05-03 09:28:46.270580,2026-05-03 09:31:56.201811,0 days 00:03:09.931231,32,True,80,0.20459585945718983,,10,192,0.048026409314572464,0.0009475686529137248,ce,1.5123514930901614,0.2943043873156535,0.3491468290685106,0.3325417942279105,2,1,1,plateau,1.1,0.9,0.238062128560858,24,2,3.171296567040933e-05,[0.655714087365789],[1.1151249808944959],0.655714087365789,0.655714087365789,0.0,COMPLETE
225,0.5653740224371322,2026-05-03 09:31:56.313313,2026-05-03 09:32:43.061880,0 days 00:00:46.748567,32,True,80,0.20020204217731702,,10,192,0.045699527656123944,0.0009892015723233123,ce,1.532191036365745,0.2888577694608567,0.3261490521407939,0.3362066159476699,2,1,1,plateau,1.1,0.9,0.24175135034538164,24,2,2.8992998876693615e-05,,,,,,PRUNED
226,0.5865922200867313,2026-05-03 09:32:43.161593,2026-05-03 09:33:48.825336,0 days 00:01:05.663743,32,True,80,0.2095408693075699,,10,192,0.04572414162396268,0.0008968005325253977,ce,1.2537498758692192,0.2755626561880814,0.33507657830927584,0.35172273558920997,2,1,1,plateau,1.1,0.9,0.22578893551963625,24,2,2.4111104572098566e-05,,,,,,PRUNED
227,0.5520917743557404,2026-05-03 09:33:48.935259,2026-05-03 09:34:35.546003,0 days 00:00:46.610744,32,True,80,0.2173928875834683,,10,192,0.04394682195206552,0.000999849863058546,ce,1.4692758448767682,0.1679519081659209,0.3425455604843532,0.3226455946368062,2,1,1,plateau,1.1,0.9,0.20570649121215437,32,2,2.2047445749382413e-05,,,,,,PRUNED
228,0.5420525677755603,2026-05-03 09:34:35.646039,2026-05-03 09:35:18.285028,0 days 00:00:42.638989,32,True,80,0.20464260641833218,,10,192,0.046809225417941545,0.0008481161226470643,ce,1.572367427707802,0.2823759352977592,0.3192439169699466,0.33945176015894685,2,1,1,plateau,1.1,0.9,0.25417781635044934,24,2,0.00011572322935242609,,,,,,PRUNED
229,0.6653097412922656,2026-05-03 09:35:18.384501,2026-05-03 09:38:09.841606,0 days 00:02:51.457105,32,False,80,0.21319563543787604,,10,192,0.03802665949533885,0.0009298126903325323,ce,1.3967762178080392,0.16200953290272224,0.302443046378326,0.28294095098704686,2,1,1,plateau,1.1,0.9,0.23653659217159292,24,2,9.054486729942707e-05,[0.6653097412922656],[1.096434035175424],0.6653097412922656,0.6653097412922656,0.0,COMPLETE
230,0.6526239384233453,2026-05-03 09:38:09.948642,2026-05-03 09:40:29.955889,0 days 00:02:20.007247,32,False,80,0.2122607042131806,,10,192,0.03986588927554957,0.0009427419229204537,ce,1.5029923083452184,0.08655726522645307,0.38697678717791884,0.31022825844436724,2,1,1,plateau,1.1,0.9,0.23729064316709672,24,2,9.462745441386218e-05,[0.6526239384233453],[1.0506239612039616],0.6526239384233453,0.6526239384233453,0.0,COMPLETE
231,0.5370170049063601,2026-05-03 09:40:30.057115,2026-05-03 09:41:05.086528,0 days 00:00:35.029413,32,False,80,0.20804713473763706,,10,192,0.04863304398387844,0.0009087618877842344,ce,1.3858881532430871,0.15954815025632016,0.35356325739965583,0.27952475139762406,2,1,1,plateau,1.1,0.9,0.2454682245809168,24,2,1.0955287343582123e-05,,,,,,PRUNED
232,0.5636002552383851,2026-05-03 09:41:05.199888,2026-05-03 09:41:51.819645,0 days 00:00:46.619757,32,False,80,0.2211025569598165,,10,192,0.03786317969771545,0.0009370992845937774,ce,1.3231655785683962,0.16550999843907682,0.30600164179307604,0.29738449834758746,2,1,1,plateau,1.1,0.9,0.16765174041094155,24,2,8.693005163446656e-05,,,,,,PRUNED
233,0.5531039627312119,2026-05-03 09:41:51.923786,2026-05-03 09:42:38.650490,0 days 00:00:46.726704,32,False,80,0.20509378203379477,,10,192,0.03546750355736477,0.0008428743771998145,ce,1.562666372522418,0.1754726708642976,0.29885717352258184,0.330745380997246,2,1,1,plateau,1.1,0.9,0.23053309950438164,24,2,8.123155389161192e-05,,,,,,PRUNED
234,0.6198340683272362,2026-05-03 09:42:38.753410,2026-05-03 09:44:00.322773,0 days 00:01:21.569363,32,False,80,0.21434670159140334,,10,192,0.037539696098346544,0.000992452599753221,ce,1.4344327729389479,0.28896395696540944,0.31591459064806793,0.3677114777088287,2,1,1,plateau,1.1,0.9,0.10125785719198906,24,2,0.00010459823906326234,,,,,,PRUNED
235,0.6660265130346067,2026-05-03 09:44:00.430028,2026-05-03 09:46:51.040196,0 days 00:02:50.610168,32,True,80,0.20977519700178246,,10,192,0.03386309900174272,0.0009030234866375051,ce,1.6105980041621932,0.16213659073353004,0.32500618914701535,0.43973358266699153,2,1,1,plateau,1.1,0.9,0.12071893357340296,24,2,2.5948259722426962e-05,[0.6660265130346067],[1.0948676539839601],0.6660265130346067,0.6660265130346067,0.0,COMPLETE
236,0.61806296759016,2026-05-03 09:46:51.146569,2026-05-03 09:48:12.987672,0 days 00:01:21.841103,32,True,80,0.20959117868168098,,10,192,0.033012899322899934,0.000885058436813867,ce,1.6354053617812754,0.16424655724653828,0.32596036245422993,0.4337866372448667,2,1,1,plateau,1.1,0.9,0.2390297326286706,24,2,3.135423897404775e-05,,,,,,PRUNED
237,0.49872947894259095,2026-05-03 09:48:13.091433,2026-05-03 09:48:40.174757,0 days 00:00:27.083324,32,True,80,0.20029681751910164,,10,192,0.03394071348545393,0.0009301266039895181,ce,1.600896779502948,0.17133223511550516,0.3128173188633596,0.4456293440294938,2,1,1,plateau,1.1,0.9,0.11345137901373444,24,2,2.775017426629805e-05,,,,,,PRUNED
238,0.4904385865886323,2026-05-03 09:48:40.277223,2026-05-03 09:49:06.246613,0 days 00:00:25.969390,32,True,48,0.2048080118164355,,10,192,0.07321145758142523,0.0008003320335439135,ce,1.5314133935242307,0.1601070010065022,0.3746714081587164,0.3458323928767527,2,1,1,plateau,1.1,0.9,0.11984293142283448,24,2,3.4023644817220977e-05,,,,,,PRUNED
239,0.5262034925546398,2026-05-03 09:49:06.350449,2026-05-03 09:49:41.587438,0 days 00:00:35.236989,32,False,80,0.21269771165545037,2.769368624409832,10,192,0.04339462039096275,0.0008874646873796717,focal,1.2243640850360735,0.15588837272709935,0.33517462314961916,0.42210598296037016,2,1,1,plateau,1.1,0.9,0.10550812384124607,24,2,6.844845529435841e-05,,,,,,PRUNED
240,0.4763398327222043,2026-05-03 09:49:41.690719,2026-05-03 09:50:08.851953,0 days 00:00:27.161234,32,True,80,0.2178722839674709,,10,192,0.040086648538825174,0.000950374961091182,ce,1.4863988857617367,0.16918772126045523,0.3315552085682632,0.3153093638431198,2,1,1,plateau,1.1,0.9,0.25544793125089604,36,2,9.336695885317646e-05,,,,,,PRUNED
241,0.5053872433478935,2026-05-03 09:50:08.954647,2026-05-03 09:50:35.003120,0 days 00:00:26.048473,32,True,48,0.2073150658010177,,10,192,0.03186175835205386,0.0008316390057428101,ce,1.5653119589879518,0.16153241525094528,0.3221613651260468,0.43915347308775093,2,1,1,plateau,1.1,0.9,0.22165458187429968,24,2,3.072403916881237e-05,,,,,,PRUNED
242,0.49956500756611344,2026-05-03 09:50:35.107355,2026-05-03 09:51:06.033065,0 days 00:00:30.925710,32,True,80,0.22434427318762198,,10,192,0.035530225094836505,0.0009172382158441962,ce,1.0835322616539165,0.17497664153712722,0.3019891395808341,0.4658535878549214,2,1,1,plateau,1.1,0.9,0.12032827787651151,24,2,2.616491915831629e-05,,,,,,PRUNED
243,0.5596625865623341,2026-05-03 09:51:06.141945,2026-05-03 09:51:52.327937,0 days 00:00:46.185992,32,True,80,0.20017474542360983,,10,192,0.036962173791673936,0.0009961105046473423,ce,1.612313113468626,0.16567792341427198,0.31189510364114176,0.32551574888342033,2,1,1,plateau,1.1,0.9,0.09585458679884755,24,2,2.7742873664656208e-05,,,,,,PRUNED
244,0.6737654717023126,2026-05-03 09:51:52.428977,2026-05-03 09:55:04.476076,0 days 00:03:12.047099,32,True,80,0.21255399223032692,,6,192,0.03402753587044263,0.0007302402959162389,ce,1.6750695240587365,0.1821624042729579,0.29385485968592556,0.45294428107148604,2,1,1,plateau,1.1,0.9,0.11343700704102212,24,3,2.5059885845703345e-05,[0.6737654717023126],[1.101055454293029],0.6737654717023126,0.6737654717023126,0.0,COMPLETE
245,0.6385158530398959,2026-05-03 09:55:04.580771,2026-05-03 09:56:44.184773,0 days 00:01:39.604002,32,True,80,0.20971270983986282,,10,192,0.034131478470025456,0.0007513150765826178,ce,1.6656403729878515,0.1799421743742494,0.2952613853070585,0.4469419214771262,2,1,1,plateau,1.1,0.9,0.11089954882284331,24,3,2.443749121021956e-05,,,,,,PRUNED
246,0.6711638800769828,2026-05-03 09:56:44.295948,2026-05-03 09:59:17.499019,0 days 00:02:33.203071,32,True,80,0.2134051507605354,,6,192,0.03159297232698072,0.0007164363962775111,ce,1.5833198574275427,0.18129995119631925,0.3233187556691383,0.4601935865798233,2,1,1,plateau,1.1,0.9,0.10640778455880684,24,3,0.00026283764461482206,[0.6711638800769828],[1.0465003397824952],0.6711638800769828,0.6711638800769828,0.0,COMPLETE
247,0.6673979952824624,2026-05-03 09:59:17.608918,2026-05-03 10:02:10.141041,0 days 00:02:52.532123,32,True,80,0.2141361159520838,,6,192,0.032313493843459565,0.0007119781743014917,ce,1.652350655558556,0.18091841791462637,0.30644871762770076,0.46237105118327565,2,1,1,plateau,1.1,0.9,0.09803479901758508,24,3,3.5859664604249926e-05,[0.6673979952824624],[1.0630580744297384],0.6673979952824624,0.6673979952824624,0.0,COMPLETE
248,0.44999645134079086,2026-05-03 10:02:10.243562,2026-05-03 10:02:47.947937,0 days 00:00:37.704375,32,True,80,0.3006118926566833,,6,320,0.04171385208776188,0.0007070693035431924,ce,1.6939112453433836,0.18416186576788673,0.30847742258524735,0.47195689213547304,2,3,2,plateau,1.1,0.9,0.10318881497544657,28,3,5.119441521403638e-05,,,,,,PRUNED
249,0.505748560377732,2026-05-03 10:02:48.050259,2026-05-03 10:03:14.733385,0 days 00:00:26.683126,32,True,80,0.21405796746731437,,6,192,0.032172548390021816,0.0006902734364400201,ce,1.6343978534234154,0.18056039661614867,0.3187341440991187,0.4574808543575456,2,1,1,plateau,1.1,0.9,0.09444003872700792,24,3,3.600638512349685e-05,,,,,,PRUNED
250,0.539345100277283,2026-05-03 10:03:14.855678,2026-05-03 10:03:58.354684,0 days 00:00:43.499006,32,True,48,0.21779904955132678,,6,192,0.0342340118932215,0.0007228711580390449,ce,1.595654518311736,0.17713435320986215,0.2999874826017163,0.46284332806133266,2,1,1,plateau,1.1,0.9,0.17679372792485942,24,3,0.00019410285886766997,,,,,,PRUNED
251,0.5431323708241137,2026-05-03 10:03:58.459106,2026-05-03 10:04:36.923084,0 days 00:00:38.463978,32,True,80,0.21124916544734434,,6,192,0.03098090583512962,0.0007378308381987708,ce,1.540800238035426,0.1859880770622782,0.2855901701754662,0.45381195169346866,2,1,1,plateau,1.1,0.9,0.09813588876418289,24,3,7.897138963546938e-05,,,,,,PRUNED
252,0.4783508584413144,2026-05-03 10:04:37.026070,2026-05-03 10:05:10.550676,0 days 00:00:33.524606,32,False,80,0.3006817509655674,,6,192,0.04150892963309882,0.0006864790389137692,ce,1.662594629079975,0.18746282937526682,0.3056445161128487,0.46810096623428593,4,3,2,plateau,1.1,0.9,0.10846436966052432,40,3,5.1133946443706555e-05,,,,,,PRUNED
253,0.48400770313146096,2026-05-03 10:05:10.649565,2026-05-03 10:05:37.997517,0 days 00:00:27.347952,32,True,80,0.20389805990925813,,6,192,0.03291382958061441,0.0007855798157524277,ce,1.5765409822372738,0.1795785248271271,0.34490724277518353,0.4793482552051081,2,1,1,plateau,1.1,0.9,0.11438024802061374,24,3,3.214037147490271e-05,,,,,,PRUNED
254,0.5026959937658938,2026-05-03 10:05:38.096582,2026-05-03 10:06:04.879216,0 days 00:00:26.782634,32,True,48,0.21516862535554285,,4,256,0.0664667912158443,0.0007203352294887495,ce,1.6202646798275762,0.1733349770933814,0.32198983240770257,0.4612042768616234,2,1,1,plateau,1.1,0.9,0.23327631521576392,36,2,0.00027133929111427044,,,,,,PRUNED
255,0.5735134231822551,2026-05-03 10:06:04.988322,2026-05-03 10:06:58.659410,0 days 00:00:53.671088,32,True,80,0.20777879174120426,,6,192,0.03506535564615914,0.0006683116881707635,ce,1.516045281152672,0.19252708814352584,0.27667044213399283,0.4510063398962735,2,1,1,plateau,1.1,0.9,0.10473968287068611,24,3,3.720222520763947e-05,,,,,,PRUNED
256,0.4363751070931249,2026-05-03 10:06:58.761457,2026-05-03 10:07:33.308828,0 days 00:00:34.547371,32,True,80,0.3006964909588283,,10,192,0.04141931453999442,0.0003417991432145526,ce,1.658699361229007,0.186876079241858,0.1884395470219177,0.33005110905792095,2,3,2,plateau,1.1,0.9,0.08627949202704938,32,2,5.200592244422977e-05,,,,,,PRUNED
257,0.5638800033259057,2026-05-03 10:07:33.415920,2026-05-03 10:08:17.564961,0 days 00:00:44.149041,32,False,48,0.20441139045954668,,10,192,0.031222377073182338,0.0007517038046084673,ce,1.7013004485652803,0.15148903731192886,0.3141215648805431,0.4577235436331805,2,1,1,plateau,1.1,0.9,0.24566803963024564,24,3,7.093286764493862e-05,,,,,,PRUNED
258,0.6607243354145111,2026-05-03 10:08:17.672142,2026-05-03 10:10:54.164699,0 days 00:02:36.492557,32,True,80,0.21929566864663258,,6,192,0.036561453210733556,0.0007654116256878052,ce,1.557851509440227,0.18118795850385602,0.2903601746421234,0.2635957857627705,2,1,1,plateau,1.1,0.9,0.23800719583210164,24,2,2.9459207318973363e-05,[0.6607243354145111],[1.0599011531550822],0.6607243354145111,0.6607243354145111,0.0,COMPLETE
259,0.6698245156069793,2026-05-03 10:10:54.265155,2026-05-03 10:13:23.691934,0 days 00:02:29.426779,32,True,80,0.21115403236682426,,10,192,0.03342650571135068,0.0007147385757344546,ce,1.6050243542917297,0.1701081699013294,0.3267708676878368,0.4394764072459264,2,1,1,plateau,1.1,0.9,0.11493310133362236,24,2,2.605360750738158e-05,[0.6698245156069793],[1.0390156620412137],0.6698245156069793,0.6698245156069793,0.0,COMPLETE
260,0.5050898736353179,2026-05-03 10:13:23.791200,2026-05-03 10:13:50.648829,0 days 00:00:26.857629,32,True,80,0.2002246703107454,,10,192,0.03326269704557901,0.0008103864914502003,ce,1.5896836950013036,0.1728262957239955,0.3310605560805515,0.43971212785077385,2,1,1,plateau,1.1,0.9,0.12347975701704098,24,2,0.00031888234474821054,,,,,,PRUNED
261,0.45986612531425125,2026-05-03 10:13:50.748686,2026-05-03 10:14:25.114859,0 days 00:00:34.366173,32,True,80,0.30075501885562983,,10,192,0.04106490648368356,0.0007281228369420881,ce,1.6109904086049067,0.16993944933657312,0.33882663351798437,0.35390606252337403,2,3,2,plateau,1.1,0.9,0.11487686442904105,28,3,5.1245003759483225e-05,,,,,,PRUNED
262,0.6273919223815648,2026-05-03 10:14:25.219169,2026-05-03 10:15:57.111213,0 days 00:01:31.892044,32,True,80,0.21108245420990385,,6,192,0.03201926786535209,0.0008538143204060607,ce,1.6395011594536424,0.17909711370226933,0.3264972371816277,0.33730724398090317,2,1,1,plateau,1.1,0.9,0.22686619614706177,24,2,2.6322110068212367e-05,,,,,,PRUNED
263,0.6728737792462629,2026-05-03 10:15:57.209244,2026-05-03 10:19:09.974915,0 days 00:03:12.765671,32,False,80,0.20830357459614904,,10,192,0.033759201439387446,0.0007822520543141186,ce,1.28125601644511,0.13714246271928468,0.3220846568677244,0.4283224154581364,2,1,1,plateau,1.1,0.9,0.11850483021388825,24,2,2.2673258290103445e-05,[0.6728737792462629],[1.0765585190386509],0.6728737792462629,0.6728737792462629,0.0,COMPLETE
264,0.5704402494073706,2026-05-03 10:19:10.077146,2026-05-03 10:20:03.952840,0 days 00:00:53.875694,32,False,80,0.20839889976942788,2.126534397179169,10,192,0.0345872908006811,0.0007931104478108037,focal,1.5407273708243703,0.13608855785590576,0.32220359901216244,0.4295484499838754,2,1,1,plateau,1.1,0.9,0.21575537865613256,24,2,2.285551128721032e-05,,,,,,PRUNED
265,0.6110181728825279,2026-05-03 10:20:04.052732,2026-05-03 10:21:40.386853,0 days 00:01:36.334121,32,False,80,0.21287438563804081,,10,192,0.030692041047598286,0.0008946496327823382,ce,1.2801558853857042,0.18472661247305386,0.33764598000133533,0.4730750306656742,2,1,1,plateau,1.1,0.9,0.12153054674201777,24,2,2.5047283102407344e-05,,,,,,PRUNED
266,0.6310070496816199,2026-05-03 10:21:40.494982,2026-05-03 10:23:32.140517,0 days 00:01:51.645535,32,False,80,0.2047250044031988,,6,192,0.03314311236996123,0.0007753947946896072,ce,1.459906512499621,0.14178883498191772,0.32934223375971466,0.23865896089328645,2,1,1,plateau,1.1,0.9,0.1170134221158767,24,2,2.2989990992662608e-05,,,,,,PRUNED
267,0.4966208212516364,2026-05-03 10:23:32.248602,2026-05-03 10:23:59.191451,0 days 00:00:26.942849,32,False,80,0.2156611059496072,,10,192,0.03536771471732275,0.0009572846480354822,ce,1.7281427028076777,0.1908435433075799,0.3013390769676689,0.4342719902829762,2,1,1,plateau,1.1,0.9,0.13161840053672305,24,2,1.9926083645924458e-05,,,,,,PRUNED
268,0.5351242463123956,2026-05-03 10:23:59.288712,2026-05-03 10:24:45.483487,0 days 00:00:46.194775,32,False,80,0.20871703301693506,,10,192,0.029805767492206127,0.000853765681062807,ce,1.5853882344652335,0.12285817777595279,0.36799665765218514,0.43762801324167766,2,1,1,plateau,1.1,0.9,0.11168896301539588,24,2,2.8896690427214677e-05,,,,,,PRUNED
269,0.6506966059070548,2026-05-03 10:24:45.582034,2026-05-03 10:27:07.890566,0 days 00:02:22.308532,32,False,80,0.20574647076973201,,6,192,0.03399150116005637,0.0009539403723820597,ce,1.257692316511913,0.1145468336369769,0.3477761213476932,0.2889912055978355,2,1,1,plateau,1.1,0.9,0.24982937477791256,24,2,2.0792590139698746e-05,[0.6506966059070548],[1.0704220583398851],0.6506966059070548,0.6506966059070548,0.0,COMPLETE
270,0.6176792289916411,2026-05-03 10:27:08.008550,2026-05-03 10:28:28.543781,0 days 00:01:20.535231,32,False,80,0.20016623185278518,,10,192,0.05550682465653164,0.0009964608158204982,ce,1.498782208763292,0.13024238665074397,0.3165138467340214,0.34296514941150613,2,1,1,plateau,1.1,0.9,0.15275438323399865,24,2,0.0006733218405613609,,,,,,PRUNED
271,0.6808203036517195,2026-05-03 10:28:28.644070,2026-05-03 10:31:25.230781,0 days 00:02:56.586711,32,True,80,0.21962552936706028,,10,192,0.023094558324301982,0.0008277900203830596,ce,1.7622116913713541,0.17527499220208903,0.17313017717282347,0.4449755054364561,2,1,1,plateau,1.1,0.9,0.16192416145815836,24,2,2.5799150198457592e-05,[0.6808203036517195],[1.0403179239026077],0.6808203036517195,0.6808203036517195,0.0,COMPLETE
272,0.6565311202642394,2026-05-03 10:31:25.332086,2026-05-03 10:34:13.286075,0 days 00:02:47.953989,32,True,80,0.22088389670989128,,4,192,0.023350878804832942,0.0008156394822132954,ce,1.785484366614754,0.1765810618733736,0.1664870931757732,0.44240185374437874,1,1,1,plateau,1.1,0.9,0.14975561617628785,24,2,0.00025221149573835115,[0.6565311202642394],[1.0488562360941935],0.6565311202642394,0.6565311202642394,0.0,COMPLETE
273,0.49361447959604593,2026-05-03 10:34:13.391885,2026-05-03 10:34:45.397321,0 days 00:00:32.005436,32,True,80,0.3007295064034866,,10,320,0.04139079550467516,0.0007679259438258438,ce,1.8124983476051715,0.1706788392918292,0.17102631827293363,0.4479300234013423,2,1,2,plateau,1.1,0.9,0.1593061547969993,48,2,5.122268471110959e-05,,,,,,PRUNED
274,0.5865263949472023,2026-05-03 10:34:45.502720,2026-05-03 10:35:43.258852,0 days 00:00:57.756132,32,False,80,0.21728760484399676,,6,192,0.025456758214943618,0.0008399241543912282,ce,1.766148405246929,0.13197662089970172,0.44644486827425023,0.4319430413833853,2,1,1,plateau,1.1,0.9,0.14021371345608985,24,2,2.430329254030658e-05,,,,,,PRUNED
275,0.5155218251091074,2026-05-03 10:35:43.388944,2026-05-03 10:36:17.902914,0 days 00:00:34.513970,32,True,80,0.20478479610438374,,10,192,0.022237079694288026,0.0007061408019638966,ce,1.8700839118837838,0.17486381137578652,0.17436066391064423,0.45409340714827634,2,1,1,plateau,1.1,0.9,0.12630957257021216,24,2,2.644231870240689e-05,,,,,,PRUNED
276,0.67951163967854,2026-05-03 10:36:18.000932,2026-05-03 10:39:44.828237,0 days 00:03:26.827305,32,True,80,0.21069619151486907,,10,192,0.02478568691821507,0.0007389803549327135,ce,1.6796437277054954,0.1805964499228121,0.15736523789259427,0.1774246817992278,2,1,1,plateau,1.1,0.9,0.16758797246121004,24,2,2.5209192416064004e-05,[0.67951163967854],[1.0689203661980389],0.67951163967854,0.67951163967854,0.0,COMPLETE
277,0.4550990496839939,2026-05-03 10:39:44.929257,2026-05-03 10:40:13.303039,0 days 00:00:28.373782,32,True,80,0.30066730166807215,,12,256,0.04143403332887954,0.0007477932513065387,ce,1.8399895397067767,0.1850574708076085,0.1225513090484042,0.1522725599744844,4,1,2,plateau,1.1,0.9,0.16622931364380106,44,3,5.1080459542434364e-05,,,,,,PRUNED
278,0.5047973066716741,2026-05-03 10:40:13.429054,2026-05-03 10:40:44.021007,0 days 00:00:30.591953,32,True,80,0.2096343473571189,,6,192,0.024191195141078363,0.0007927861258843246,ce,1.7482469217435102,0.18039545765804485,0.39204704333323626,0.19161735243024894,1,1,1,plateau,1.1,0.9,0.16852174466507913,24,2,2.5258812798438063e-05,,,,,,PRUNED
279,0.6693675225577128,2026-05-03 10:40:44.119573,2026-05-03 10:43:14.019329,0 days 00:02:29.899756,32,True,80,0.2040678676692523,,10,192,0.02668876003721882,0.0007198099495232144,ce,1.677143213878875,0.1770222834813955,0.15648591149311325,0.18043405935583684,2,1,1,plateau,1.1,0.9,0.15777947071782228,24,3,2.2869515925562703e-05,[0.6693675225577128],[1.0360490225201888],0.6693675225577128,0.6693675225577128,0.0,COMPLETE
280,0.6004093588963438,2026-05-03 10:43:14.120661,2026-05-03 10:44:19.315201,0 days 00:01:05.194540,32,True,80,0.20350394115180476,,10,192,0.027744115975525598,0.0007188580330427711,ce,1.6771499426236707,0.17976244767575142,0.1592738059945198,0.1735146936584889,2,1,1,plateau,1.1,0.9,0.1617456354082265,24,3,2.161555524877368e-05,,,,,,PRUNED
281,0.5642741623044224,2026-05-03 10:44:19.413947,2026-05-03 10:45:13.186118,0 days 00:00:53.772171,32,True,80,0.20380881293892789,,10,192,0.02020432944450891,0.000681201309502974,ce,1.6760587309900632,0.1757522065973151,0.15940875728178835,0.17622388882572368,2,1,1,plateau,1.1,0.9,0.15274695755628392,24,3,2.2616520776843793e-05,,,,,,PRUNED
282,0.67692495577496,2026-05-03 10:45:13.284734,2026-05-03 10:47:39.560894,0 days 00:02:26.276160,32,True,80,0.2002119733166017,,10,192,0.0257437810105039,0.0007401586658980457,ce,1.722292858459565,0.1823584223765294,0.42919726203115105,0.18358543763620605,2,1,1,plateau,1.1,0.9,0.15859814410152923,24,3,1.8291971953515795e-05,[0.67692495577496],[1.0528659769099393],0.67692495577496,0.67692495577496,0.0,COMPLETE
283,0.6695014235682116,2026-05-03 10:47:39.661681,2026-05-03 10:50:36.038014,0 days 00:02:56.376333,32,True,80,0.20030263299224244,,10,192,0.02872489747877082,0.0007441864975051109,ce,1.7298289834450595,0.18490202197492894,0.48462570582253384,0.15599393787767105,2,1,1,plateau,1.1,0.9,0.1743002086144968,24,3,1.7324195912802195e-05,[0.6695014235682116],[1.0804750124613445],0.6695014235682116,0.6695014235682116,0.0,COMPLETE
284,0.4982545880554475,2026-05-03 10:50:36.141112,2026-05-03 10:51:10.780876,0 days 00:00:34.639764,32,True,80,0.20076190224802143,,10,192,0.02658261285442956,0.0007508796087080821,ce,1.7153325149000815,0.18383098944682036,0.42862789050129635,0.15844170109924005,2,1,1,plateau,1.1,0.9,0.1723189153361287,32,3,2.070139130484942e-05,,,,,,PRUNED
285,0.5083496964837517,2026-05-03 10:51:10.881739,2026-05-03 10:51:38.075802,0 days 00:00:27.194063,32,True,80,0.20009992040552302,2.4095153420767836,10,192,0.02541475221582836,0.0006451331852384039,focal,1.7051935136608802,0.1840942922188848,0.15535980647852768,0.16198092693382032,2,1,1,plateau,1.1,0.9,0.18000656003046359,24,3,1.8263134646203056e-05,,,,,,PRUNED
286,0.5652622617461633,2026-05-03 10:51:38.180520,2026-05-03 10:52:28.081773,0 days 00:00:49.901253,32,True,80,0.2000730214913954,,10,192,0.0235546281736633,0.0007120252998305407,ce,1.7415536428462992,0.18825937317884647,0.15043448330577874,0.16641486137325368,2,1,1,plateau,1.1,0.9,0.15834147050560693,24,3,1.563631813604162e-05,,,,,,PRUNED
287,0.6067146247734017,2026-05-03 10:52:28.186142,2026-05-03 10:53:40.908999,0 days 00:01:12.722857,32,True,80,0.22184586364919973,,10,192,0.028548442428294685,0.0007544671608427153,ce,1.6818261752125627,0.17674080715450993,0.4769144506351411,0.2035263035730688,2,1,1,plateau,1.1,0.9,0.1603115622724325,32,3,1.8430771957922025e-05,,,,,,PRUNED
288,0.6365200168403115,2026-05-03 10:53:41.010902,2026-05-03 10:55:32.456880,0 days 00:01:51.445978,32,True,80,0.2082572847018392,,10,192,0.027016221991302807,0.0006957997319398757,ce,1.7419951636584197,0.18040089804925516,0.4188716036579934,0.17952630380302684,2,1,1,plateau,1.1,0.9,0.16501756104973314,24,3,1.4302549880690821e-05,,,,,,PRUNED
289,0.5264947714108427,2026-05-03 10:55:32.558169,2026-05-03 10:56:07.205837,0 days 00:00:34.647668,32,True,80,0.21518592516733934,,10,192,0.025878489558800292,0.0007368484866889219,ce,1.6586344293296025,0.17263611587991276,0.49244454722574804,0.18348554790338797,2,1,1,plateau,1.1,0.9,0.1467314467956405,24,3,1.5681971841387365e-05,,,,,,PRUNED
290,0.5124033430948838,2026-05-03 10:56:07.317034,2026-05-03 10:56:34.277683,0 days 00:00:26.960649,32,True,80,0.2293838114188859,,10,192,0.028179457063375057,0.0007880854590362223,ce,1.7205579757157083,0.18864358857052976,0.4646881890881979,0.18993743397038806,2,1,1,plateau,1.1,0.9,0.17193062449737576,24,3,1.6368486549042375e-05,,,,,,PRUNED
291,0.5351312253620262,2026-05-03 10:56:34.390899,2026-05-03 10:57:16.513292,0 days 00:00:42.122393,32,True,80,0.20510198574227725,,10,192,0.023456592115495074,0.0006610615200122021,ce,1.6460184051058606,0.18248729266789715,0.16492765792589406,0.1382985530009812,2,1,1,plateau,1.1,0.9,0.18674129087199348,24,3,1.2649843386160196e-05,,,,,,PRUNED
292,0.5525982337126893,2026-05-03 10:57:16.614465,2026-05-03 10:58:06.776492,0 days 00:00:50.162027,32,True,80,0.21158286654575678,,10,192,0.029389750512692117,0.000729869035084626,ce,1.6885454377380649,0.17109876933699017,0.14545992821489098,0.18200768608187803,1,1,1,plateau,1.1,0.9,0.15579216201729065,24,3,1.7490228460163633e-05,,,,,,PRUNED
293,0.4692386215031983,2026-05-03 10:58:06.881570,2026-05-03 10:58:33.652684,0 days 00:00:26.771114,32,True,80,0.27569364528506607,,10,192,0.025641035030071677,0.0007751817058063909,ce,1.755420591227878,0.17648866701739646,0.4266763862610294,0.1668809499047155,2,1,1,plateau,1.1,0.9,0.14968571947916762,24,3,1.9143505776952142e-05,,,,,,PRUNED
294,0.6190015043318747,2026-05-03 10:58:33.751572,2026-05-03 10:59:53.993059,0 days 00:01:20.241487,32,True,80,0.20494690200250923,,10,192,0.02723686223500145,0.0006989776868103923,ce,1.712618176591866,0.19209777178297005,0.44989816683114014,0.16749959892313396,2,1,1,plateau,1.1,0.9,0.1431795663812151,24,3,2.3611162751329098e-05,,,,,,PRUNED
295,0.544739501770192,2026-05-03 10:59:54.102865,2026-05-03 11:00:32.367374,0 days 00:00:38.264509,32,True,80,0.2180951832145811,,4,192,0.02180750682713965,0.0008095228413557882,ce,1.634654028728767,0.1681001514651165,0.17873515020563388,0.1766964170206044,2,1,1,plateau,1.1,0.9,0.16352520315554298,24,3,2.809640547264983e-05,,,,,,PRUNED
296,0.49606631021232495,2026-05-03 11:00:32.472405,2026-05-03 11:01:08.529360,0 days 00:00:36.056955,32,True,80,0.30064635955427915,,14,320,0.04120553808211897,0.0007345916405877008,ce,0.5814222345022176,0.24759523533155953,0.45846931689158515,0.16075387797778923,2,1,2,plateau,1.1,0.9,0.15606556127913201,24,3,5.0938809683190245e-05,,,,,,PRUNED
297,0.5495117713475062,2026-05-03 11:01:08.641065,2026-05-03 11:01:54.619490,0 days 00:00:45.978425,32,True,80,0.21167872888050285,,10,192,0.024557894298895606,0.0007666179184976509,ce,1.1861557024112532,0.18402136286972623,0.14536860006564842,0.1944731253384185,1,1,1,plateau,1.1,0.9,0.20236639274595208,24,3,0.0003446153096924927,,,,,,PRUNED
298,0.5875588818923053,2026-05-03 11:01:54.719414,2026-05-03 11:02:51.887558,0 days 00:00:57.168144,32,True,80,0.2084281486007108,,10,192,0.030301094180808334,0.0006800522955974791,ce,1.6836313248341022,0.17783589530194904,0.1555328485485635,0.14071479331120218,2,1,1,plateau,1.1,0.9,0.19074728297702692,24,3,2.1540569626101686e-05,,,,,,PRUNED
299,0.5380338203157427,2026-05-03 11:02:51.992623,2026-05-03 11:03:30.551098,0 days 00:00:38.558475,32,True,80,0.22336368971095918,,10,192,0.03203278906628463,0.0008144478028236341,ce,1.294474262017895,0.18712146312935155,0.4110775658339701,0.4633264482918101,2,1,1,plateau,1.1,0.9,0.13949399840519383,24,6,2.9081801675949598e-05,,,,,,PRUNED
300,0.6364231822759268,2026-05-03 11:03:30.655200,2026-05-03 11:05:06.781321,0 days 00:01:36.126121,32,True,80,0.20002657186812972,,10,192,0.028692543886422315,0.000714211528230942,ce,1.7752656140533374,0.1805313240787475,0.17464203373642925,0.15335028123412012,2,1,1,plateau,1.1,0.9,0.16617416184702863,24,7,1.6813286119039207e-05,,,,,,PRUNED
301,0.5054146546047108,2026-05-03 11:05:06.899426,2026-05-03 11:05:35.308135,0 days 00:00:28.408709,32,True,80,0.30059637734133926,,10,256,0.041080819706036026,0.000776004517119884,ce,1.6452048802851529,0.17159236675711925,0.379225042461928,0.4849196497146309,2,1,2,plateau,1.1,0.9,0.17593070295946095,28,3,5.1100533767434076e-05,,,,,,PRUNED
